id,group,transaction_id,transaction_type,recipient_name,recipient_email,amount,currency,fuel_type,quantity_liters,truck_number,truck_id,departure_date,arrival_date,storage_location,contract_ref,notes,created_at,metadata,transaction_amount,transaction_currency,transaction_date
1,Group A,BPCL-TXN-1000000,outgoing,Sahil Rao,sahil.rao@bpcl.co.in,202546.59,INR,HSD,7717,TRK9935,TID191161,2025-03-17,,TankFarm-7,CNTR-20520,Standard operation,2025-01-12T06:14:00,"{""company"": ""BPCL"", ""transaction_type"": ""outgoing"", ""fuel_type"": ""HSD"", ""quantity_liters"": 7717, ""truck_count"": 1, ""contract_ref"": ""CNTR-20520"", ""storage_location"": ""TankFarm-7""}",25000.0,INR,2025-01-12T06:14:00
3,Group C,BPCL-TXN-1000001,outgoing,Priya Patel,priya.patel@bpcl.co.in,300447.29,INR,LDO,23541,TRK5333,TID946335,2025-01-06,,TankFarm-12,CNTR-27527,Documentation pending,2025-01-16T12:05:00,"{""company"": ""BPCL"", ""transaction_type"": ""outgoing"", ""fuel_type"": ""LDO"", ""quantity_liters"": 23541, ""truck_count"": 1, ""contract_ref"": ""CNTR-27527"", ""storage_location"": ""TankFarm-12""}",25013.37,INR,2025-01-16T12:05:00
4,Group A,BPCL-TXN-1000002,outgoing,Anil Desai,anil.desai@bpcl.co.in,535814.58,INR,MS,15935,TRK5741,TID183667,2025-01-30,,TankFarm-2,CNTR-26227,Priority consignment,2025-02-28T20:53:00,"{""company"": ""BPCL"", ""transaction_type"": ""outgoing"", ""fuel_type"": ""MS"", ""quantity_liters"": 15935, ""truck_count"": 1, ""contract_ref"": ""CNTR-26227"", ""storage_location"": ""TankFarm-2""}",25026.74,INR,2025-02-28T20:53:00
10,Group A,BPCL-TXN-1000003,outgoing,Meera Nair,meera.nair@bpcl.co.in,580229.96,INR,HSD,32148,TRK3705,TID377932,2025-03-09,,TankFarm-10,CNTR-26932,Weather delay,2025-03-11T23:44:00,"{""company"": ""BPCL"", ""transaction_type"": ""outgoing"", ""fuel_type"": ""HSD"", ""quantity_liters"": 32148, ""truck_count"": 1, ""contract_ref"": ""CNTR-26932"", ""storage_location"": ""TankFarm-10""}",25040.11,INR,2025-03-11T23:44:00
16,Group A,BPCL-TXN-1000004,outgoing,Sahil Verma,sahil.verma@bpcl.co.in,66444.82,INR,Naphtha,32246,TRK9238,TID994141,2025-03-09,,TankFarm-3,CNTR-20931,Documentation pending,2025-01-11T05:04:00,"{""company"": ""BPCL"", ""transaction_type"": ""outgoing"", ""fuel_type"": ""Naphtha"", ""quantity_liters"": 32246, ""truck_count"": 1, ""contract_ref"": ""CNTR-20931"", ""storage_location"": ""TankFarm-3""}",25053.48,INR,2025-01-11T05:04:00
17,Group B,BPCL-TXN-1000005,outgoing,Neha Patel,neha.patel@bpcl.co.in,707657.19,INR,Naphtha,17135,TRK1651,TID749468,2025-01-11,,TankFarm-7,CNTR-29562,Documentation pending,2025-02-10T08:13:00,"{""company"": ""BPCL"", ""transaction_type"": ""outgoing"", ""fuel_type"": ""Naphtha"", ""quantity_liters"": 17135, ""truck_count"": 1, ""contract_ref"": ""CNTR-29562"", ""storage_location"": ""TankFarm-7""}",25066.85,INR,2025-02-10T08:13:00
18,Group C,BPCL-TXN-1000006,outgoing,Sunita Rao,sunita.rao@bpcl.co.in,311944.74,INR,LDO,30964,TRK6180,TID888387,2025-01-10,,TankFarm-1,CNTR-27508,Requires escort,2025-01-10T17:13:00,"{""company"": ""BPCL"", ""transaction_type"": ""outgoing"", ""fuel_type"": ""LDO"", ""quantity_liters"": 30964, ""truck_count"": 1, ""contract_ref"": ""CNTR-27508"", ""storage_location"": ""TankFarm-1""}",25080.22,INR,2025-01-10T17:13:00
20,Group B,BPCL-TXN-1000007,outgoing,Vikram Patel,vikram.patel@bpcl.co.in,670041.71,INR,Naphtha,11187,TRK5462,TID395442,2025-03-19,,TankFarm-4,CNTR-25617,Weather delay,2025-03-29T20:54:00,"{""company"": ""BPCL"", ""transaction_type"": ""outgoing"", ""fuel_type"": ""Naphtha"", ""quantity_liters"": 11187, ""truck_count"": 1, ""contract_ref"": ""CNTR-25617"", ""storage_location"": ""TankFarm-4""}",25093.59,INR,2025-03-29T20:54:00
23,Group B,BPCL-TXN-1000008,outgoing,Kavita Verma,kavita.verma@bpcl.co.in,177305.49,INR,HSD,7736,TRK6794,TID918011,2025-03-13,,TankFarm-7,CNTR-22532,Weather delay,2025-01-21T05:56:00,"{""company"": ""BPCL"", ""transaction_type"": ""outgoing"", ""fuel_type"": ""HSD"", ""quantity_liters"": 7736, ""truck_count"": 1, ""contract_ref"": ""CNTR-22532"", ""storage_location"": ""TankFarm-7""}",25106.96,INR,2025-01-21T05:56:00
29,Group B,BPCL-TXN-1000009,outgoing,Rahul Jain,rahul.jain@bpcl.co.in,667449.26,INR,Naphtha,13742,TRK7291,TID618392,2025-02-21,,TankFarm-4,CNTR-22417,Standard operation,2025-01-14T13:14:00,"{""company"": ""BPCL"", ""transaction_type"": ""outgoing"", ""fuel_type"": ""Naphtha"", ""quantity_liters"": 13742, ""truck_count"": 1, ""contract_ref"": ""CNTR-22417"", ""storage_location"": ""TankFarm-4""}",25120.33,INR,2025-01-14T13:14:00
35,Group B,BPCL-TXN-1000010,outgoing,Ramesh Khosla,ramesh.khosla@bpcl.co.in,416078.81,INR,LDO,15694,TRK2124,TID919182,2025-03-25,,TankFarm-1,CNTR-20508,Weather delay,2025-01-26T00:39:00,"{""company"": ""BPCL"", ""transaction_type"": ""outgoing"", ""fuel_type"": ""LDO"", ""quantity_liters"": 15694, ""truck_count"": 1, ""contract_ref"": ""CNTR-20508"", ""storage_location"": ""TankFarm-1""}",25133.7,INR,2025-01-26T00:39:00
37,Group A,BPCL-TXN-1000011,outgoing,Sahil Rao,sahil.rao@bpcl.co.in,641462.6,INR,Naphtha,8933,TRK1672,TID464069,2025-03-10,,TankFarm-7,CNTR-26071,Requires escort,2025-03-06T20:21:00,"{""company"": ""BPCL"", ""transaction_type"": ""outgoing"", ""fuel_type"": ""Naphtha"", ""quantity_liters"": 8933, ""truck_count"": 1, ""contract_ref"": ""CNTR-26071"", ""storage_location"": ""TankFarm-7""}",25147.07,INR,2025-03-06T20:21:00
39,Group C,BPCL-TXN-1000012,outgoing,Vikram Singh,vikram.singh@bpcl.co.in,201800.99,INR,ATF,38345,TRK7209,TID452737,2025-01-04,,TankFarm-8,CNTR-25325,Customs hold,2025-03-04T06:22:00,"{""company"": ""BPCL"", ""transaction_type"": ""outgoing"", ""fuel_type"": ""ATF"", ""quantity_liters"": 38345, ""truck_count"": 1, ""contract_ref"": ""CNTR-25325"", ""storage_location"": ""TankFarm-8""}",25160.44,INR,2025-03-04T06:22:00
40,Group A,BPCL-TXN-1000013,outgoing,Vikram Bansal,vikram.bansal@bpcl.co.in,533358.22,INR,LDO,37424,TRK1166,TID641722,2025-01-25,,TankFarm-2,CNTR-23954,Quality check required,2025-03-04T17:48:00,"{""company"": ""BPCL"", ""transaction_type"": ""outgoing"", ""fuel_type"": ""LDO"", ""quantity_liters"": 37424, ""truck_count"": 1, ""contract_ref"": ""CNTR-23954"", ""storage_location"": ""TankFarm-2""}",25173.81,INR,2025-03-04T17:48:00
42,Group C,BPCL-TXN-1000014,outgoing,Sahil Singh,sahil.singh@bpcl.co.in,221414.41,INR,LDO,16108,TRK2976,TID856321,2025-01-25,,TankFarm-6,CNTR-21958,Documentation pending,2025-03-30T05:12:00,"{""company"": ""BPCL"", ""transaction_type"": ""outgoing"", ""fuel_type"": ""LDO"", ""quantity_liters"": 16108, ""truck_count"": 1, ""contract_ref"": ""CNTR-21958"", ""storage_location"": ""TankFarm-6""}",25187.18,INR,2025-03-30T05:12:00
44,Group B,BPCL-TXN-1000015,outgoing,Pooja Singh,pooja.singh@bpcl.co.in,99376.04,INR,MS,38621,TRK5658,TID592198,2025-03-03,,TankFarm-8,CNTR-25582,Customs hold,2025-01-07T08:55:00,"{""company"": ""BPCL"", ""transaction_type"": ""outgoing"", ""fuel_type"": ""MS"", ""quantity_liters"": 38621, ""truck_count"": 1, ""contract_ref"": ""CNTR-25582"", ""storage_location"": ""TankFarm-8""}",25200.55,INR,2025-01-07T08:55:00
46,Group A,BPCL-TXN-1000016,outgoing,Ajay Bansal,ajay.bansal@bpcl.co.in,742772.66,INR,LDO,38265,TRK1986,TID739244,2025-01-13,,TankFarm-4,CNTR-23457,Priority consignment,2025-03-26T02:10:00,"{""company"": ""BPCL"", ""transaction_type"": ""outgoing"", ""fuel_type"": ""LDO"", ""quantity_liters"": 38265, ""truck_count"": 1, ""contract_ref"": ""CNTR-23457"", ""storage_location"": ""TankFarm-4""}",25213.92,INR,2025-03-26T02:10:00
48,Group C,BPCL-TXN-1000017,outgoing,Neha Patel,neha.patel@bpcl.co.in,419807.72,INR,HSD,18408,TRK3330,TID174878,2025-01-08,,TankFarm-3,CNTR-25039,Priority consignment,2025-02-26T03:29:00,"{""company"": ""BPCL"", ""transaction_type"": ""outgoing"", ""fuel_type"": ""HSD"", ""quantity_liters"": 18408, ""truck_count"": 1, ""contract_ref"": ""CNTR-25039"", ""storage_location"": ""TankFarm-3""}",25227.29,INR,2025-02-26T03:29:00
49,Group A,BPCL-TXN-1000018,outgoing,Vikram Nair,vikram.nair@bpcl.co.in,416486.63,INR,ATF,6271,TRK1653,TID553014,2025-02-11,,TankFarm-10,CNTR-24102,Standard operation,2025-01-12T07:43:00,"{""company"": ""BPCL"", ""transaction_type"": ""outgoing"", ""fuel_type"": ""ATF"", ""quantity_liters"": 6271, ""truck_count"": 1, ""contract_ref"": ""CNTR-24102"", ""storage_location"": ""TankFarm-10""}",25240.66,INR,2025-01-12T07:43:00
50,Group B,BPCL-TXN-1000019,outgoing,Meera Gupta,meera.gupta@bpcl.co.in,620530.4,INR,Naphtha,3636,TRK3870,TID593355,2025-03-08,,TankFarm-11,CNTR-27245,Priority consignment,2025-01-24T18:27:00,"{""company"": ""BPCL"", ""transaction_type"": ""outgoing"", ""fuel_type"": ""Naphtha"", ""quantity_liters"": 3636, ""truck_count"": 1, ""contract_ref"": ""CNTR-27245"", ""storage_location"": ""TankFarm-11""}",25254.03,INR,2025-01-24T18:27:00
51,Group C,BPCL-TXN-1000020,outgoing,Priya Singh,priya.singh@bpcl.co.in,277271.77,INR,LDO,22040,TRK2713,TID999398,2025-01-21,,TankFarm-6,CNTR-26744,Temperature sensitive,2025-02-06T21:25:00,"{""company"": ""BPCL"", ""transaction_type"": ""outgoing"", ""fuel_type"": ""LDO"", ""quantity_liters"": 22040, ""truck_count"": 1, ""contract_ref"": ""CNTR-26744"", ""storage_location"": ""TankFarm-6""}",25267.4,INR,2025-02-06T21:25:00
52,Group A,BPCL-TXN-1000021,outgoing,Rahul Patel,rahul.patel@bpcl.co.in,253024.94,INR,LDO,8597,TRK7622,TID639593,2025-01-01,,TankFarm-11,CNTR-28889,Temperature sensitive,2025-02-22T01:12:00,"{""company"": ""BPCL"", ""transaction_type"": ""outgoing"", ""fuel_type"": ""LDO"", ""quantity_liters"": 8597, ""truck_count"": 1, ""contract_ref"": ""CNTR-28889"", ""storage_location"": ""TankFarm-11""}",25280.77,INR,2025-02-22T01:12:00
55,Group A,BPCL-TXN-1000022,outgoing,Vikram Sharma,vikram.sharma@bpcl.co.in,230058.26,INR,LDO,39465,TRK9022,TID255813,2025-02-27,,TankFarm-9,CNTR-27935,Gate pass pending,2025-02-12T17:48:00,"{""company"": ""BPCL"", ""transaction_type"": ""outgoing"", ""fuel_type"": ""LDO"", ""quantity_liters"": 39465, ""truck_count"": 1, ""contract_ref"": ""CNTR-27935"", ""storage_location"": ""TankFarm-9""}",25294.14,INR,2025-02-12T17:48:00
57,Group C,BPCL-TXN-1000023,outgoing,Ajay Patel,ajay.patel@bpcl.co.in,658788.02,INR,ATF,7534,TRK9617,TID579123,2025-01-02,,TankFarm-12,CNTR-22361,Quality check required,2025-03-25T04:04:00,"{""company"": ""BPCL"", ""transaction_type"": ""outgoing"", ""fuel_type"": ""ATF"", ""quantity_liters"": 7534, ""truck_count"": 1, ""contract_ref"": ""CNTR-22361"", ""storage_location"": ""TankFarm-12""}",25307.51,INR,2025-03-25T04:04:00
59,Group B,BPCL-TXN-1000024,outgoing,Amit Khosla,amit.khosla@bpcl.co.in,242112.91,INR,MS,4014,TRK6314,TID934816,2025-01-08,,TankFarm-5,CNTR-25873,Gate pass pending,2025-02-25T04:15:00,"{""company"": ""BPCL"", ""transaction_type"": ""outgoing"", ""fuel_type"": ""MS"", ""quantity_liters"": 4014, ""truck_count"": 1, ""contract_ref"": ""CNTR-25873"", ""storage_location"": ""TankFarm-5""}",25320.88,INR,2025-02-25T04:15:00
61,Group A,BPCL-TXN-1000025,outgoing,Pooja Jain,pooja.jain@bpcl.co.in,525477.3,INR,ATF,20799,TRK4263,TID503380,2025-03-03,,TankFarm-2,CNTR-23886,Quality check required,2025-03-15T11:36:00,"{""company"": ""BPCL"", ""transaction_type"": ""outgoing"", ""fuel_type"": ""ATF"", ""quantity_liters"": 20799, ""truck_count"": 1, ""contract_ref"": ""CNTR-23886"", ""storage_location"": ""TankFarm-2""}",25334.25,INR,2025-03-15T11:36:00
64,Group A,BPCL-TXN-1000026,outgoing,Meera Rao,meera.rao@bpcl.co.in,566255.53,INR,LDO,8547,TRK8673,TID178957,2025-01-19,,TankFarm-4,CNTR-26511,Documentation pending,2025-02-16T02:50:00,"{""company"": ""BPCL"", ""transaction_type"": ""outgoing"", ""fuel_type"": ""LDO"", ""quantity_liters"": 8547, ""truck_count"": 1, ""contract_ref"": ""CNTR-26511"", ""storage_location"": ""TankFarm-4""}",25347.62,INR,2025-02-16T02:50:00
67,Group A,BPCL-TXN-1000027,outgoing,Anil Khosla,anil.khosla@bpcl.co.in,551784.38,INR,ATF,7489,TRK9017,TID745558,2025-02-22,,TankFarm-5,CNTR-20536,Gate pass pending,2025-01-28T14:28:00,"{""company"": ""BPCL"", ""transaction_type"": ""outgoing"", ""fuel_type"": ""ATF"", ""quantity_liters"": 7489, ""truck_count"": 1, ""contract_ref"": ""CNTR-20536"", ""storage_location"": ""TankFarm-5""}",25360.99,INR,2025-01-28T14:28:00
68,Group B,BPCL-TXN-1000028,outgoing,Priya Gupta,priya.gupta@bpcl.co.in,291317.84,INR,LDO,4968,TRK7523,TID389282,2025-01-25,,TankFarm-2,CNTR-27450,Requires escort,2025-03-26T06:41:00,"{""company"": ""BPCL"", ""transaction_type"": ""outgoing"", ""fuel_type"": ""LDO"", ""quantity_liters"": 4968, ""truck_count"": 1, ""contract_ref"": ""CNTR-27450"", ""storage_location"": ""TankFarm-2""}",25374.36,INR,2025-03-26T06:41:00
69,Group C,BPCL-TXN-1000029,outgoing,Ramesh Verma,ramesh.verma@bpcl.co.in,201587.45,INR,HSD,38000,TRK4362,TID171942,2025-03-12,,TankFarm-4,CNTR-29607,Weather delay,2025-01-30T10:49:00,"{""company"": ""BPCL"", ""transaction_type"": ""outgoing"", ""fuel_type"": ""HSD"", ""quantity_liters"": 38000, ""truck_count"": 1, ""contract_ref"": ""CNTR-29607"", ""storage_location"": ""TankFarm-4""}",25387.73,INR,2025-01-30T10:49:00
73,Group A,BPCL-TXN-1000030,outgoing,Meera Khosla,meera.khosla@bpcl.co.in,107950.2,INR,Naphtha,15091,TRK8046,TID573489,2025-01-30,,TankFarm-7,CNTR-25553,Temperature sensitive,2025-02-21T13:46:00,"{""company"": ""BPCL"", ""transaction_type"": ""outgoing"", ""fuel_type"": ""Naphtha"", ""quantity_liters"": 15091, ""truck_count"": 1, ""contract_ref"": ""CNTR-25553"", ""storage_location"": ""TankFarm-7""}",25401.1,INR,2025-02-21T13:46:00
76,Group A,BPCL-TXN-1000031,outgoing,Meera Rao,meera.rao@bpcl.co.in,441222.5,INR,ATF,37763,TRK1430,TID738577,2025-03-26,,TankFarm-12,CNTR-24381,Standard operation,2025-01-24T08:44:00,"{""company"": ""BPCL"", ""transaction_type"": ""outgoing"", ""fuel_type"": ""ATF"", ""quantity_liters"": 37763, ""truck_count"": 1, ""contract_ref"": ""CNTR-24381"", ""storage_location"": ""TankFarm-12""}",25414.47,INR,2025-01-24T08:44:00
77,Group B,BPCL-TXN-1000032,outgoing,Ketan Sharma,ketan.sharma@bpcl.co.in,156519.03,INR,HSD,38114,TRK7566,TID172965,2025-01-19,,TankFarm-12,CNTR-20502,Requires escort,2025-03-09T06:24:00,"{""company"": ""BPCL"", ""transaction_type"": ""outgoing"", ""fuel_type"": ""HSD"", ""quantity_liters"": 38114, ""truck_count"": 1, ""contract_ref"": ""CNTR-20502"", ""storage_location"": ""TankFarm-12""}",25427.84,INR,2025-03-09T06:24:00
79,Group A,BPCL-TXN-1000033,outgoing,Ketan Jain,ketan.jain@bpcl.co.in,105395.08,INR,Naphtha,32891,TRK9633,TID799539,2025-02-09,,TankFarm-1,CNTR-23612,Quality check required,2025-03-18T01:00:00,"{""company"": ""BPCL"", ""transaction_type"": ""outgoing"", ""fuel_type"": ""Naphtha"", ""quantity_liters"": 32891, ""truck_count"": 1, ""contract_ref"": ""CNTR-23612"", ""storage_location"": ""TankFarm-1""}",25441.21,INR,2025-03-18T01:00:00
84,Group C,BPCL-TXN-1000034,outgoing,Rahul Bansal,rahul.bansal@bpcl.co.in,575910.93,INR,ATF,37994,TRK6295,TID757685,2025-02-10,,TankFarm-3,CNTR-27205,Requires escort,2025-03-02T14:40:00,"{""company"": ""BPCL"", ""transaction_type"": ""outgoing"", ""fuel_type"": ""ATF"", ""quantity_liters"": 37994, ""truck_count"": 1, ""contract_ref"": ""CNTR-27205"", ""storage_location"": ""TankFarm-3""}",25454.58,INR,2025-03-02T14:40:00
86,Group B,BPCL-TXN-1000035,outgoing,Rahul Bansal,rahul.bansal@bpcl.co.in,497582.15,INR,LDO,32170,TRK9214,TID258189,2025-01-08,,TankFarm-8,CNTR-21695,Gate pass pending,2025-01-11T16:41:00,"{""company"": ""BPCL"", ""transaction_type"": ""outgoing"", ""fuel_type"": ""LDO"", ""quantity_liters"": 32170, ""truck_count"": 1, ""contract_ref"": ""CNTR-21695"", ""storage_location"": ""TankFarm-8""}",25467.95,INR,2025-01-11T16:41:00
88,Group A,BPCL-TXN-1000036,outgoing,Vikram Khosla,vikram.khosla@bpcl.co.in,642385.54,INR,Naphtha,10854,TRK6461,TID185461,2025-03-16,,TankFarm-11,CNTR-22317,Gate pass pending,2025-02-09T20:44:00,"{""company"": ""BPCL"", ""transaction_type"": ""outgoing"", ""fuel_type"": ""Naphtha"", ""quantity_liters"": 10854, ""truck_count"": 1, ""contract_ref"": ""CNTR-22317"", ""storage_location"": ""TankFarm-11""}",25481.32,INR,2025-02-09T20:44:00
89,Group B,BPCL-TXN-1000037,outgoing,Anil Khosla,anil.khosla@bpcl.co.in,705051.59,INR,LDO,37629,TRK7171,TID774751,2025-02-12,,TankFarm-3,CNTR-28624,Requires escort,2025-03-24T21:27:00,"{""company"": ""BPCL"", ""transaction_type"": ""outgoing"", ""fuel_type"": ""LDO"", ""quantity_liters"": 37629, ""truck_count"": 1, ""contract_ref"": ""CNTR-28624"", ""storage_location"": ""TankFarm-3""}",25494.69,INR,2025-03-24T21:27:00
91,Group A,BPCL-TXN-1000038,outgoing,Anil Jain,anil.jain@bpcl.co.in,136833.25,INR,HSD,11848,TRK8170,TID145814,2025-02-22,,TankFarm-6,CNTR-23891,Temperature sensitive,2025-03-20T09:48:00,"{""company"": ""BPCL"", ""transaction_type"": ""outgoing"", ""fuel_type"": ""HSD"", ""quantity_liters"": 11848, ""truck_count"": 1, ""contract_ref"": ""CNTR-23891"", ""storage_location"": ""TankFarm-6""}",25508.06,INR,2025-03-20T09:48:00
92,Group B,BPCL-TXN-1000039,outgoing,Sunita Nair,sunita.nair@bpcl.co.in,198397.16,INR,ATF,13715,TRK7026,TID811256,2025-03-15,,TankFarm-8,CNTR-27564,Priority consignment,2025-02-18T16:33:00,"{""company"": ""BPCL"", ""transaction_type"": ""outgoing"", ""fuel_type"": ""ATF"", ""quantity_liters"": 13715, ""truck_count"": 1, ""contract_ref"": ""CNTR-27564"", ""storage_location"": ""TankFarm-8""}",25521.43,INR,2025-02-18T16:33:00
98,Group B,BPCL-TXN-1000040,outgoing,Meera Nair,meera.nair@bpcl.co.in,426760.17,INR,ATF,31810,TRK1713,TID766549,2025-02-19,,TankFarm-6,CNTR-24155,Standard operation,2025-02-15T02:22:00,"{""company"": ""BPCL"", ""transaction_type"": ""outgoing"", ""fuel_type"": ""ATF"", ""quantity_liters"": 31810, ""truck_count"": 1, ""contract_ref"": ""CNTR-24155"", ""storage_location"": ""TankFarm-6""}",25534.8,INR,2025-02-15T02:22:00
101,Group B,BPCL-TXN-1000041,outgoing,Ketan Sharma,ketan.sharma@bpcl.co.in,652703.75,INR,LDO,18905,TRK3039,TID938171,2025-02-17,,TankFarm-7,CNTR-26553,Temperature sensitive,2025-02-19T10:11:00,"{""company"": ""BPCL"", ""transaction_type"": ""outgoing"", ""fuel_type"": ""LDO"", ""quantity_liters"": 18905, ""truck_count"": 1, ""contract_ref"": ""CNTR-26553"", ""storage_location"": ""TankFarm-7""}",25548.17,INR,2025-02-19T10:11:00
103,Group A,BPCL-TXN-1000042,outgoing,Rahul Bansal,rahul.bansal@bpcl.co.in,545305.61,INR,HSD,30091,TRK6759,TID568849,2025-01-06,,TankFarm-12,CNTR-25776,Quality check required,2025-02-05T20:50:00,"{""company"": ""BPCL"", ""transaction_type"": ""outgoing"", ""fuel_type"": ""HSD"", ""quantity_liters"": 30091, ""truck_count"": 1, ""contract_ref"": ""CNTR-25776"", ""storage_location"": ""TankFarm-12""}",25561.54,INR,2025-02-05T20:50:00
104,Group B,BPCL-TXN-1000043,outgoing,Pooja Gupta,pooja.gupta@bpcl.co.in,319502.42,INR,Naphtha,11484,TRK1510,TID249715,2025-03-19,,TankFarm-11,CNTR-27179,Standard operation,2025-01-17T02:15:00,"{""company"": ""BPCL"", ""transaction_type"": ""outgoing"", ""fuel_type"": ""Naphtha"", ""quantity_liters"": 11484, ""truck_count"": 1, ""contract_ref"": ""CNTR-27179"", ""storage_location"": ""TankFarm-11""}",25574.91,INR,2025-01-17T02:15:00
105,Group C,BPCL-TXN-1000044,outgoing,Ketan Jain,ketan.jain@bpcl.co.in,713363.66,INR,MS,11055,TRK8371,TID488984,2025-02-17,,TankFarm-8,CNTR-21259,Customs hold,2025-03-09T11:25:00,"{""company"": ""BPCL"", ""transaction_type"": ""outgoing"", ""fuel_type"": ""MS"", ""quantity_liters"": 11055, ""truck_count"": 1, ""contract_ref"": ""CNTR-21259"", ""storage_location"": ""TankFarm-8""}",25588.28,INR,2025-03-09T11:25:00
107,Group B,BPCL-TXN-1000045,outgoing,Meera Gupta,meera.gupta@bpcl.co.in,726481.9,INR,LDO,23768,TRK2063,TID676713,2025-03-11,,TankFarm-5,CNTR-24914,Customs hold,2025-04-01T22:40:00,"{""company"": ""BPCL"", ""transaction_type"": ""outgoing"", ""fuel_type"": ""LDO"", ""quantity_liters"": 23768, ""truck_count"": 1, ""contract_ref"": ""CNTR-24914"", ""storage_location"": ""TankFarm-5""}",25601.65,INR,2025-04-01T22:40:00
110,Group B,BPCL-TXN-1000046,outgoing,Ajay Patel,ajay.patel@bpcl.co.in,400624.05,INR,LDO,11790,TRK3653,TID438334,2025-04-01,,TankFarm-4,CNTR-25669,Documentation pending,2025-02-06T02:16:00,"{""company"": ""BPCL"", ""transaction_type"": ""outgoing"", ""fuel_type"": ""LDO"", ""quantity_liters"": 11790, ""truck_count"": 1, ""contract_ref"": ""CNTR-25669"", ""storage_location"": ""TankFarm-4""}",25615.02,INR,2025-02-06T02:16:00
114,Group C,BPCL-TXN-1000047,outgoing,Ajay Mehta,ajay.mehta@bpcl.co.in,614771.44,INR,Naphtha,21494,TRK4110,TID900190,2025-01-21,,TankFarm-8,CNTR-28433,Temperature sensitive,2025-03-05T09:31:00,"{""company"": ""BPCL"", ""transaction_type"": ""outgoing"", ""fuel_type"": ""Naphtha"", ""quantity_liters"": 21494, ""truck_count"": 1, ""contract_ref"": ""CNTR-28433"", ""storage_location"": ""TankFarm-8""}",25628.39,INR,2025-03-05T09:31:00
119,Group B,BPCL-TXN-1000048,outgoing,Rahul Khosla,rahul.khosla@bpcl.co.in,433120.09,INR,ATF,2090,TRK7035,TID447329,2025-03-28,,TankFarm-2,CNTR-26824,Priority consignment,2025-03-30T20:01:00,"{""company"": ""BPCL"", ""transaction_type"": ""outgoing"", ""fuel_type"": ""ATF"", ""quantity_liters"": 2090, ""truck_count"": 1, ""contract_ref"": ""CNTR-26824"", ""storage_location"": ""TankFarm-2""}",25641.76,INR,2025-03-30T20:01:00
120,Group C,BPCL-TXN-1000049,outgoing,Pooja Bansal,pooja.bansal@bpcl.co.in,443784.94,INR,MS,39241,TRK8871,TID278794,2025-03-09,,TankFarm-11,CNTR-26229,Customs hold,2025-03-29T07:02:00,"{""company"": ""BPCL"", ""transaction_type"": ""outgoing"", ""fuel_type"": ""MS"", ""quantity_liters"": 39241, ""truck_count"": 1, ""contract_ref"": ""CNTR-26229"", ""storage_location"": ""TankFarm-11""}",25655.13,INR,2025-03-29T07:02:00
121,Group A,BPCL-TXN-1000050,outgoing,Sunita Sharma,sunita.sharma@bpcl.co.in,344752.96,INR,ATF,10924,TRK7765,TID824042,2025-01-27,,TankFarm-7,CNTR-28221,Temperature sensitive,2025-01-08T22:08:00,"{""company"": ""BPCL"", ""transaction_type"": ""outgoing"", ""fuel_type"": ""ATF"", ""quantity_liters"": 10924, ""truck_count"": 1, ""contract_ref"": ""CNTR-28221"", ""storage_location"": ""TankFarm-7""}",25668.5,INR,2025-01-08T22:08:00
123,Group C,BPCL-TXN-1000051,outgoing,Vikram Rao,vikram.rao@bpcl.co.in,536053.18,INR,ATF,21777,TRK8861,TID465746,2025-03-13,,TankFarm-12,CNTR-24480,Priority consignment,2025-01-16T18:43:00,"{""company"": ""BPCL"", ""transaction_type"": ""outgoing"", ""fuel_type"": ""ATF"", ""quantity_liters"": 21777, ""truck_count"": 1, ""contract_ref"": ""CNTR-24480"", ""storage_location"": ""TankFarm-12""}",25681.87,INR,2025-01-16T18:43:00
125,Group B,BPCL-TXN-1000052,outgoing,Kavita Nair,kavita.nair@bpcl.co.in,529724.19,INR,HSD,8158,TRK4920,TID354235,2025-01-07,,TankFarm-11,CNTR-28700,Weather delay,2025-03-23T07:03:00,"{""company"": ""BPCL"", ""transaction_type"": ""outgoing"", ""fuel_type"": ""HSD"", ""quantity_liters"": 8158, ""truck_count"": 1, ""contract_ref"": ""CNTR-28700"", ""storage_location"": ""TankFarm-11""}",25695.24,INR,2025-03-23T07:03:00
127,Group A,BPCL-TXN-1000053,outgoing,Kavita Mehta,kavita.mehta@bpcl.co.in,327966.61,INR,HSD,3381,TRK7504,TID926236,2025-03-05,,TankFarm-3,CNTR-24742,Standard operation,2025-01-02T09:36:00,"{""company"": ""BPCL"", ""transaction_type"": ""outgoing"", ""fuel_type"": ""HSD"", ""quantity_liters"": 3381, ""truck_count"": 1, ""contract_ref"": ""CNTR-24742"", ""storage_location"": ""TankFarm-3""}",25708.61,INR,2025-01-02T09:36:00
128,Group B,BPCL-TXN-1000054,outgoing,Vikram Singh,vikram.singh@bpcl.co.in,742097.12,INR,Naphtha,35361,TRK9092,TID240718,2025-03-06,,TankFarm-8,CNTR-24470,Weather delay,2025-01-15T10:10:00,"{""company"": ""BPCL"", ""transaction_type"": ""outgoing"", ""fuel_type"": ""Naphtha"", ""quantity_liters"": 35361, ""truck_count"": 1, ""contract_ref"": ""CNTR-24470"", ""storage_location"": ""TankFarm-8""}",25721.98,INR,2025-01-15T10:10:00
129,Group C,BPCL-TXN-1000055,outgoing,Sahil Mehta,sahil.mehta@bpcl.co.in,35211.04,INR,LDO,20334,TRK4164,TID284019,2025-03-20,,TankFarm-11,CNTR-26643,Quality check required,2025-03-07T10:05:00,"{""company"": ""BPCL"", ""transaction_type"": ""outgoing"", ""fuel_type"": ""LDO"", ""quantity_liters"": 20334, ""truck_count"": 1, ""contract_ref"": ""CNTR-26643"", ""storage_location"": ""TankFarm-11""}",25735.35,INR,2025-03-07T10:05:00
131,Group B,BPCL-TXN-1000056,outgoing,Pooja Patel,pooja.patel@bpcl.co.in,362411.37,INR,HSD,27569,TRK9233,TID837733,2025-02-09,,TankFarm-12,CNTR-21923,Priority consignment,2025-02-17T19:14:00,"{""company"": ""BPCL"", ""transaction_type"": ""outgoing"", ""fuel_type"": ""HSD"", ""quantity_liters"": 27569, ""truck_count"": 1, ""contract_ref"": ""CNTR-21923"", ""storage_location"": ""TankFarm-12""}",25748.72,INR,2025-02-17T19:14:00
138,Group C,BPCL-TXN-1000057,outgoing,Sunita Rao,sunita.rao@bpcl.co.in,660287.28,INR,Naphtha,15486,TRK7775,TID415098,2025-02-05,,TankFarm-1,CNTR-29121,Customs hold,2025-03-22T21:27:00,"{""company"": ""BPCL"", ""transaction_type"": ""outgoing"", ""fuel_type"": ""Naphtha"", ""quantity_liters"": 15486, ""truck_count"": 1, ""contract_ref"": ""CNTR-29121"", ""storage_location"": ""TankFarm-1""}",25762.09,INR,2025-03-22T21:27:00
139,Group A,BPCL-TXN-1000058,outgoing,Ketan Gupta,ketan.gupta@bpcl.co.in,511723.33,INR,Naphtha,21888,TRK7821,TID528090,2025-01-20,,TankFarm-5,CNTR-26167,Customs hold,2025-03-10T15:15:00,"{""company"": ""BPCL"", ""transaction_type"": ""outgoing"", ""fuel_type"": ""Naphtha"", ""quantity_liters"": 21888, ""truck_count"": 1, ""contract_ref"": ""CNTR-26167"", ""storage_location"": ""TankFarm-5""}",25775.46,INR,2025-03-10T15:15:00
140,Group B,BPCL-TXN-1000059,outgoing,Ajay Khosla,ajay.khosla@bpcl.co.in,129655.02,INR,ATF,4776,TRK7761,TID536740,2025-03-13,,TankFarm-9,CNTR-22196,Quality check required,2025-02-01T08:13:00,"{""company"": ""BPCL"", ""transaction_type"": ""outgoing"", ""fuel_type"": ""ATF"", ""quantity_liters"": 4776, ""truck_count"": 1, ""contract_ref"": ""CNTR-22196"", ""storage_location"": ""TankFarm-9""}",25788.83,INR,2025-02-01T08:13:00
143,Group B,BPCL-TXN-1000060,outgoing,Kavita Desai,kavita.desai@bpcl.co.in,293761.07,INR,ATF,3996,TRK4625,TID877259,2025-01-19,,TankFarm-1,CNTR-24272,Documentation pending,2025-03-16T18:46:00,"{""company"": ""BPCL"", ""transaction_type"": ""outgoing"", ""fuel_type"": ""ATF"", ""quantity_liters"": 3996, ""truck_count"": 1, ""contract_ref"": ""CNTR-24272"", ""storage_location"": ""TankFarm-1""}",25802.2,INR,2025-03-16T18:46:00
145,Group A,BPCL-TXN-1000061,outgoing,Shreya Sharma,shreya.sharma@bpcl.co.in,633324.66,INR,MS,4179,TRK1104,TID532424,2025-01-18,,TankFarm-11,CNTR-23791,Requires escort,2025-04-01T04:00:00,"{""company"": ""BPCL"", ""transaction_type"": ""outgoing"", ""fuel_type"": ""MS"", ""quantity_liters"": 4179, ""truck_count"": 1, ""contract_ref"": ""CNTR-23791"", ""storage_location"": ""TankFarm-11""}",25815.57,INR,2025-04-01T04:00:00
152,Group B,BPCL-TXN-1000062,outgoing,Sahil Jain,sahil.jain@bpcl.co.in,254591.72,INR,MS,6997,TRK1085,TID423241,2025-02-26,,TankFarm-6,CNTR-24419,Requires escort,2025-01-17T02:11:00,"{""company"": ""BPCL"", ""transaction_type"": ""outgoing"", ""fuel_type"": ""MS"", ""quantity_liters"": 6997, ""truck_count"": 1, ""contract_ref"": ""CNTR-24419"", ""storage_location"": ""TankFarm-6""}",25828.94,INR,2025-01-17T02:11:00
154,Group A,BPCL-TXN-1000063,outgoing,Anil Nair,anil.nair@bpcl.co.in,147947.62,INR,ATF,12108,TRK3274,TID381981,2025-02-08,,TankFarm-5,CNTR-28079,Customs hold,2025-01-09T05:27:00,"{""company"": ""BPCL"", ""transaction_type"": ""outgoing"", ""fuel_type"": ""ATF"", ""quantity_liters"": 12108, ""truck_count"": 1, ""contract_ref"": ""CNTR-28079"", ""storage_location"": ""TankFarm-5""}",25842.31,INR,2025-01-09T05:27:00
156,Group C,BPCL-TXN-1000064,outgoing,Vikram Verma,vikram.verma@bpcl.co.in,462328.17,INR,HSD,32392,TRK6147,TID286266,2025-02-20,,TankFarm-6,CNTR-24775,Temperature sensitive,2025-03-15T07:20:00,"{""company"": ""BPCL"", ""transaction_type"": ""outgoing"", ""fuel_type"": ""HSD"", ""quantity_liters"": 32392, ""truck_count"": 1, ""contract_ref"": ""CNTR-24775"", ""storage_location"": ""TankFarm-6""}",25855.68,INR,2025-03-15T07:20:00
167,Group B,BPCL-TXN-1000065,outgoing,Meera Khosla,meera.khosla@bpcl.co.in,344990.77,INR,HSD,28862,TRK2677,TID871740,2025-03-25,,TankFarm-4,CNTR-24877,Standard operation,2025-02-27T08:22:00,"{""company"": ""BPCL"", ""transaction_type"": ""outgoing"", ""fuel_type"": ""HSD"", ""quantity_liters"": 28862, ""truck_count"": 1, ""contract_ref"": ""CNTR-24877"", ""storage_location"": ""TankFarm-4""}",25869.05,INR,2025-02-27T08:22:00
168,Group C,BPCL-TXN-1000066,outgoing,Rahul Patel,rahul.patel@bpcl.co.in,587332.95,INR,HSD,14754,TRK6744,TID845279,2025-03-20,,TankFarm-11,CNTR-27015,Customs hold,2025-03-20T04:50:00,"{""company"": ""BPCL"", ""transaction_type"": ""outgoing"", ""fuel_type"": ""HSD"", ""quantity_liters"": 14754, ""truck_count"": 1, ""contract_ref"": ""CNTR-27015"", ""storage_location"": ""TankFarm-11""}",25882.42,INR,2025-03-20T04:50:00
170,Group B,BPCL-TXN-1000067,outgoing,Sunita Mehta,sunita.mehta@bpcl.co.in,540761.27,INR,HSD,26736,TRK9019,TID249077,2025-03-15,,TankFarm-11,CNTR-24402,Quality check required,2025-02-18T14:04:00,"{""company"": ""BPCL"", ""transaction_type"": ""outgoing"", ""fuel_type"": ""HSD"", ""quantity_liters"": 26736, ""truck_count"": 1, ""contract_ref"": ""CNTR-24402"", ""storage_location"": ""TankFarm-11""}",25895.79,INR,2025-02-18T14:04:00
171,Group C,BPCL-TXN-1000068,outgoing,Neha Nair,neha.nair@bpcl.co.in,568606.73,INR,LDO,30798,TRK8996,TID443187,2025-03-16,,TankFarm-1,CNTR-21526,Temperature sensitive,2025-03-23T21:44:00,"{""company"": ""BPCL"", ""transaction_type"": ""outgoing"", ""fuel_type"": ""LDO"", ""quantity_liters"": 30798, ""truck_count"": 1, ""contract_ref"": ""CNTR-21526"", ""storage_location"": ""TankFarm-1""}",25909.16,INR,2025-03-23T21:44:00
173,Group B,BPCL-TXN-1000069,outgoing,Priya Mehta,priya.mehta@bpcl.co.in,344932.31,INR,MS,29036,TRK4314,TID822040,2025-01-17,,TankFarm-11,CNTR-24945,Customs hold,2025-02-05T02:41:00,"{""company"": ""BPCL"", ""transaction_type"": ""outgoing"", ""fuel_type"": ""MS"", ""quantity_liters"": 29036, ""truck_count"": 1, ""contract_ref"": ""CNTR-24945"", ""storage_location"": ""TankFarm-11""}",25922.53,INR,2025-02-05T02:41:00
176,Group B,BPCL-TXN-1000070,outgoing,Priya Nair,priya.nair@bpcl.co.in,433386.13,INR,Naphtha,11755,TRK8210,TID468247,2025-01-28,,TankFarm-11,CNTR-22480,Quality check required,2025-03-20T21:28:00,"{""company"": ""BPCL"", ""transaction_type"": ""outgoing"", ""fuel_type"": ""Naphtha"", ""quantity_liters"": 11755, ""truck_count"": 1, ""contract_ref"": ""CNTR-22480"", ""storage_location"": ""TankFarm-11""}",25935.9,INR,2025-03-20T21:28:00
177,Group C,BPCL-TXN-1000071,outgoing,Kavita Patel,kavita.patel@bpcl.co.in,126509.53,INR,MS,39638,TRK7291,TID468611,2025-02-24,,TankFarm-6,CNTR-22290,Weather delay,2025-02-05T20:05:00,"{""company"": ""BPCL"", ""transaction_type"": ""outgoing"", ""fuel_type"": ""MS"", ""quantity_liters"": 39638, ""truck_count"": 1, ""contract_ref"": ""CNTR-22290"", ""storage_location"": ""TankFarm-6""}",25949.27,INR,2025-02-05T20:05:00
179,Group B,BPCL-TXN-1000072,outgoing,Neha Bansal,neha.bansal@bpcl.co.in,330126.06,INR,Naphtha,12322,TRK8717,TID907788,2025-01-10,,TankFarm-1,CNTR-29623,Requires escort,2025-01-02T08:13:00,"{""company"": ""BPCL"", ""transaction_type"": ""outgoing"", ""fuel_type"": ""Naphtha"", ""quantity_liters"": 12322, ""truck_count"": 1, ""contract_ref"": ""CNTR-29623"", ""storage_location"": ""TankFarm-1""}",25962.64,INR,2025-01-02T08:13:00
182,Group B,BPCL-TXN-1000073,outgoing,Ramesh Khosla,ramesh.khosla@bpcl.co.in,124478.55,INR,MS,11736,TRK9133,TID463546,2025-03-08,,TankFarm-9,CNTR-24247,Customs hold,2025-02-17T04:47:00,"{""company"": ""BPCL"", ""transaction_type"": ""outgoing"", ""fuel_type"": ""MS"", ""quantity_liters"": 11736, ""truck_count"": 1, ""contract_ref"": ""CNTR-24247"", ""storage_location"": ""TankFarm-9""}",25976.01,INR,2025-02-17T04:47:00
183,Group C,BPCL-TXN-1000074,outgoing,Sahil Patel,sahil.patel@bpcl.co.in,584286.96,INR,MS,22955,TRK8034,TID385192,2025-03-09,,TankFarm-2,CNTR-24308,Requires escort,2025-03-05T14:32:00,"{""company"": ""BPCL"", ""transaction_type"": ""outgoing"", ""fuel_type"": ""MS"", ""quantity_liters"": 22955, ""truck_count"": 1, ""contract_ref"": ""CNTR-24308"", ""storage_location"": ""TankFarm-2""}",25989.38,INR,2025-03-05T14:32:00
187,Group A,BPCL-TXN-1000075,outgoing,Sahil Nair,sahil.nair@bpcl.co.in,576349.61,INR,HSD,10867,TRK1104,TID529954,2025-01-04,,TankFarm-4,CNTR-28872,Gate pass pending,2025-03-23T22:56:00,"{""company"": ""BPCL"", ""transaction_type"": ""outgoing"", ""fuel_type"": ""HSD"", ""quantity_liters"": 10867, ""truck_count"": 1, ""contract_ref"": ""CNTR-28872"", ""storage_location"": ""TankFarm-4""}",26002.75,INR,2025-03-23T22:56:00
189,Group C,BPCL-TXN-1000076,outgoing,Sahil Verma,sahil.verma@bpcl.co.in,357382.07,INR,MS,39061,TRK2565,TID629979,2025-01-18,,TankFarm-11,CNTR-26461,Requires escort,2025-03-17T18:03:00,"{""company"": ""BPCL"", ""transaction_type"": ""outgoing"", ""fuel_type"": ""MS"", ""quantity_liters"": 39061, ""truck_count"": 1, ""contract_ref"": ""CNTR-26461"", ""storage_location"": ""TankFarm-11""}",26016.12,INR,2025-03-17T18:03:00
193,Group A,BPCL-TXN-1000077,outgoing,Priya Sharma,priya.sharma@bpcl.co.in,69710.16,INR,HSD,9566,TRK4246,TID963684,2025-02-21,,TankFarm-6,CNTR-21376,Priority consignment,2025-01-10T00:04:00,"{""company"": ""BPCL"", ""transaction_type"": ""outgoing"", ""fuel_type"": ""HSD"", ""quantity_liters"": 9566, ""truck_count"": 1, ""contract_ref"": ""CNTR-21376"", ""storage_location"": ""TankFarm-6""}",26029.49,INR,2025-01-10T00:04:00
195,Group C,BPCL-TXN-1000078,outgoing,Ketan Desai,ketan.desai@bpcl.co.in,683520.56,INR,LDO,19340,TRK8307,TID255851,2025-01-05,,TankFarm-10,CNTR-24026,Priority consignment,2025-03-05T13:56:00,"{""company"": ""BPCL"", ""transaction_type"": ""outgoing"", ""fuel_type"": ""LDO"", ""quantity_liters"": 19340, ""truck_count"": 1, ""contract_ref"": ""CNTR-24026"", ""storage_location"": ""TankFarm-10""}",26042.86,INR,2025-03-05T13:56:00
196,Group A,BPCL-TXN-1000079,outgoing,Priya Rao,priya.rao@bpcl.co.in,302686.08,INR,ATF,14071,TRK9614,TID361250,2025-03-22,,TankFarm-9,CNTR-20319,Quality check required,2025-02-15T15:34:00,"{""company"": ""BPCL"", ""transaction_type"": ""outgoing"", ""fuel_type"": ""ATF"", ""quantity_liters"": 14071, ""truck_count"": 1, ""contract_ref"": ""CNTR-20319"", ""storage_location"": ""TankFarm-9""}",26056.23,INR,2025-02-15T15:34:00
197,Group B,BPCL-TXN-1000080,outgoing,Kavita Bansal,kavita.bansal@bpcl.co.in,389235.11,INR,ATF,18723,TRK3946,TID127329,2025-02-10,,TankFarm-10,CNTR-23588,Standard operation,2025-02-05T01:51:00,"{""company"": ""BPCL"", ""transaction_type"": ""outgoing"", ""fuel_type"": ""ATF"", ""quantity_liters"": 18723, ""truck_count"": 1, ""contract_ref"": ""CNTR-23588"", ""storage_location"": ""TankFarm-10""}",26069.6,INR,2025-02-05T01:51:00
198,Group C,BPCL-TXN-1000081,outgoing,Ketan Bansal,ketan.bansal@bpcl.co.in,749714.17,INR,HSD,7562,TRK5060,TID788772,2025-01-31,,TankFarm-5,CNTR-28743,Standard operation,2025-01-29T18:54:00,"{""company"": ""BPCL"", ""transaction_type"": ""outgoing"", ""fuel_type"": ""HSD"", ""quantity_liters"": 7562, ""truck_count"": 1, ""contract_ref"": ""CNTR-28743"", ""storage_location"": ""TankFarm-5""}",26082.97,INR,2025-01-29T18:54:00
199,Group A,BPCL-TXN-1000082,outgoing,Ketan Mehta,ketan.mehta@bpcl.co.in,152672.77,INR,Naphtha,21840,TRK6878,TID720298,2025-01-04,,TankFarm-12,CNTR-25761,Customs hold,2025-03-14T06:53:00,"{""company"": ""BPCL"", ""transaction_type"": ""outgoing"", ""fuel_type"": ""Naphtha"", ""quantity_liters"": 21840, ""truck_count"": 1, ""contract_ref"": ""CNTR-25761"", ""storage_location"": ""TankFarm-12""}",26096.34,INR,2025-03-14T06:53:00
200,Group B,BPCL-TXN-1000083,outgoing,Shreya Rao,shreya.rao@bpcl.co.in,152278.66,INR,MS,6915,TRK1920,TID343923,2025-03-19,,TankFarm-4,CNTR-20326,Documentation pending,2025-03-03T00:21:00,"{""company"": ""BPCL"", ""transaction_type"": ""outgoing"", ""fuel_type"": ""MS"", ""quantity_liters"": 6915, ""truck_count"": 1, ""contract_ref"": ""CNTR-20326"", ""storage_location"": ""TankFarm-4""}",26109.71,INR,2025-03-03T00:21:00
201,Group C,BPCL-TXN-1000084,outgoing,Meera Mehta,meera.mehta@bpcl.co.in,272050.31,INR,HSD,22206,TRK1975,TID122977,2025-01-19,,TankFarm-10,CNTR-22320,Requires escort,2025-03-09T11:04:00,"{""company"": ""BPCL"", ""transaction_type"": ""outgoing"", ""fuel_type"": ""HSD"", ""quantity_liters"": 22206, ""truck_count"": 1, ""contract_ref"": ""CNTR-22320"", ""storage_location"": ""TankFarm-10""}",26123.08,INR,2025-03-09T11:04:00
203,Group B,BPCL-TXN-1000085,outgoing,Vikram Khosla,vikram.khosla@bpcl.co.in,524161.37,INR,HSD,12646,TRK1029,TID836109,2025-03-15,,TankFarm-7,CNTR-29297,Standard operation,2025-01-24T19:20:00,"{""company"": ""BPCL"", ""transaction_type"": ""outgoing"", ""fuel_type"": ""HSD"", ""quantity_liters"": 12646, ""truck_count"": 1, ""contract_ref"": ""CNTR-29297"", ""storage_location"": ""TankFarm-7""}",26136.45,INR,2025-01-24T19:20:00
204,Group C,BPCL-TXN-1000086,outgoing,Pooja Bansal,pooja.bansal@bpcl.co.in,100479.92,INR,ATF,10217,TRK6425,TID881549,2025-01-10,,TankFarm-4,CNTR-25682,Gate pass pending,2025-01-22T20:56:00,"{""company"": ""BPCL"", ""transaction_type"": ""outgoing"", ""fuel_type"": ""ATF"", ""quantity_liters"": 10217, ""truck_count"": 1, ""contract_ref"": ""CNTR-25682"", ""storage_location"": ""TankFarm-4""}",26149.82,INR,2025-01-22T20:56:00
205,Group A,BPCL-TXN-1000087,outgoing,Rahul Sharma,rahul.sharma@bpcl.co.in,217279.02,INR,HSD,5442,TRK6742,TID369125,2025-01-14,,TankFarm-12,CNTR-20020,Standard operation,2025-02-19T14:46:00,"{""company"": ""BPCL"", ""transaction_type"": ""outgoing"", ""fuel_type"": ""HSD"", ""quantity_liters"": 5442, ""truck_count"": 1, ""contract_ref"": ""CNTR-20020"", ""storage_location"": ""TankFarm-12""}",26163.19,INR,2025-02-19T14:46:00
211,Group A,BPCL-TXN-1000088,outgoing,Shreya Bansal,shreya.bansal@bpcl.co.in,677829.92,INR,Naphtha,10663,TRK2970,TID893969,2025-02-27,,TankFarm-3,CNTR-22738,Weather delay,2025-01-25T04:02:00,"{""company"": ""BPCL"", ""transaction_type"": ""outgoing"", ""fuel_type"": ""Naphtha"", ""quantity_liters"": 10663, ""truck_count"": 1, ""contract_ref"": ""CNTR-22738"", ""storage_location"": ""TankFarm-3""}",26176.56,INR,2025-01-25T04:02:00
213,Group C,BPCL-TXN-1000089,outgoing,Priya Jain,priya.jain@bpcl.co.in,133490.68,INR,Naphtha,39530,TRK2641,TID210766,2025-03-14,,TankFarm-2,CNTR-24687,Documentation pending,2025-02-14T13:16:00,"{""company"": ""BPCL"", ""transaction_type"": ""outgoing"", ""fuel_type"": ""Naphtha"", ""quantity_liters"": 39530, ""truck_count"": 1, ""contract_ref"": ""CNTR-24687"", ""storage_location"": ""TankFarm-2""}",26189.93,INR,2025-02-14T13:16:00
218,Group B,BPCL-TXN-1000090,outgoing,Ajay Singh,ajay.singh@bpcl.co.in,450488.18,INR,LDO,23560,TRK3679,TID978343,2025-02-03,,TankFarm-12,CNTR-21480,Priority consignment,2025-01-04T12:03:00,"{""company"": ""BPCL"", ""transaction_type"": ""outgoing"", ""fuel_type"": ""LDO"", ""quantity_liters"": 23560, ""truck_count"": 1, ""contract_ref"": ""CNTR-21480"", ""storage_location"": ""TankFarm-12""}",26203.3,INR,2025-01-04T12:03:00
221,Group B,BPCL-TXN-1000091,outgoing,Vikram Gupta,vikram.gupta@bpcl.co.in,540542.99,INR,LDO,13344,TRK3456,TID642421,2025-01-31,,TankFarm-1,CNTR-29830,Quality check required,2025-03-26T10:43:00,"{""company"": ""BPCL"", ""transaction_type"": ""outgoing"", ""fuel_type"": ""LDO"", ""quantity_liters"": 13344, ""truck_count"": 1, ""contract_ref"": ""CNTR-29830"", ""storage_location"": ""TankFarm-1""}",26216.67,INR,2025-03-26T10:43:00
224,Group B,BPCL-TXN-1000092,outgoing,Ajay Patel,ajay.patel@bpcl.co.in,366139.01,INR,Naphtha,39031,TRK2166,TID595158,2025-01-25,,TankFarm-9,CNTR-21963,Quality check required,2025-03-09T09:26:00,"{""company"": ""BPCL"", ""transaction_type"": ""outgoing"", ""fuel_type"": ""Naphtha"", ""quantity_liters"": 39031, ""truck_count"": 1, ""contract_ref"": ""CNTR-21963"", ""storage_location"": ""TankFarm-9""}",26230.04,INR,2025-03-09T09:26:00
230,Group B,BPCL-TXN-1000093,outgoing,Vikram Jain,vikram.jain@bpcl.co.in,504706.82,INR,Naphtha,18693,TRK3247,TID539170,2025-01-14,,TankFarm-9,CNTR-21928,Priority consignment,2025-01-15T03:31:00,"{""company"": ""BPCL"", ""transaction_type"": ""outgoing"", ""fuel_type"": ""Naphtha"", ""quantity_liters"": 18693, ""truck_count"": 1, ""contract_ref"": ""CNTR-21928"", ""storage_location"": ""TankFarm-9""}",26243.41,INR,2025-01-15T03:31:00
233,Group B,BPCL-TXN-1000094,outgoing,Ramesh Mehta,ramesh.mehta@bpcl.co.in,505932.39,INR,HSD,22539,TRK6857,TID558976,2025-03-21,,TankFarm-5,CNTR-21522,Gate pass pending,2025-02-13T05:07:00,"{""company"": ""BPCL"", ""transaction_type"": ""outgoing"", ""fuel_type"": ""HSD"", ""quantity_liters"": 22539, ""truck_count"": 1, ""contract_ref"": ""CNTR-21522"", ""storage_location"": ""TankFarm-5""}",26256.78,INR,2025-02-13T05:07:00
235,Group A,BPCL-TXN-1000095,outgoing,Rahul Singh,rahul.singh@bpcl.co.in,106879.67,INR,ATF,29880,TRK1753,TID166412,2025-02-03,,TankFarm-11,CNTR-25148,Standard operation,2025-04-01T21:33:00,"{""company"": ""BPCL"", ""transaction_type"": ""outgoing"", ""fuel_type"": ""ATF"", ""quantity_liters"": 29880, ""truck_count"": 1, ""contract_ref"": ""CNTR-25148"", ""storage_location"": ""TankFarm-11""}",26270.15,INR,2025-04-01T21:33:00
236,Group B,BPCL-TXN-1000096,outgoing,Pooja Verma,pooja.verma@bpcl.co.in,401347.27,INR,Naphtha,7241,TRK8091,TID793856,2025-02-01,,TankFarm-8,CNTR-25664,Quality check required,2025-01-20T17:57:00,"{""company"": ""BPCL"", ""transaction_type"": ""outgoing"", ""fuel_type"": ""Naphtha"", ""quantity_liters"": 7241, ""truck_count"": 1, ""contract_ref"": ""CNTR-25664"", ""storage_location"": ""TankFarm-8""}",26283.52,INR,2025-01-20T17:57:00
237,Group C,BPCL-TXN-1000097,outgoing,Ramesh Gupta,ramesh.gupta@bpcl.co.in,702419.28,INR,Naphtha,31755,TRK9123,TID273438,2025-01-10,,TankFarm-8,CNTR-25253,Weather delay,2025-02-12T08:03:00,"{""company"": ""BPCL"", ""transaction_type"": ""outgoing"", ""fuel_type"": ""Naphtha"", ""quantity_liters"": 31755, ""truck_count"": 1, ""contract_ref"": ""CNTR-25253"", ""storage_location"": ""TankFarm-8""}",26296.89,INR,2025-02-12T08:03:00
241,Group A,BPCL-TXN-1000098,outgoing,Rahul Desai,rahul.desai@bpcl.co.in,544671.24,INR,MS,28162,TRK1761,TID764000,2025-03-28,,TankFarm-10,CNTR-22018,Temperature sensitive,2025-02-28T21:37:00,"{""company"": ""BPCL"", ""transaction_type"": ""outgoing"", ""fuel_type"": ""MS"", ""quantity_liters"": 28162, ""truck_count"": 1, ""contract_ref"": ""CNTR-22018"", ""storage_location"": ""TankFarm-10""}",26310.26,INR,2025-02-28T21:37:00
242,Group B,BPCL-TXN-1000099,outgoing,Rahul Sharma,rahul.sharma@bpcl.co.in,409514.15,INR,MS,37256,TRK8091,TID979562,2025-03-16,,TankFarm-8,CNTR-28328,Customs hold,2025-03-30T18:11:00,"{""company"": ""BPCL"", ""transaction_type"": ""outgoing"", ""fuel_type"": ""MS"", ""quantity_liters"": 37256, ""truck_count"": 1, ""contract_ref"": ""CNTR-28328"", ""storage_location"": ""TankFarm-8""}",26323.63,INR,2025-03-30T18:11:00
243,Group C,BPCL-TXN-1000100,outgoing,Priya Jain,priya.jain@bpcl.co.in,501703.31,INR,Naphtha,22092,TRK9259,TID503348,2025-02-23,,TankFarm-10,CNTR-24067,Priority consignment,2025-02-20T10:18:00,"{""company"": ""BPCL"", ""transaction_type"": ""outgoing"", ""fuel_type"": ""Naphtha"", ""quantity_liters"": 22092, ""truck_count"": 1, ""contract_ref"": ""CNTR-24067"", ""storage_location"": ""TankFarm-10""}",26337.0,INR,2025-02-20T10:18:00
246,Group C,BPCL-TXN-1000101,outgoing,Sunita Nair,sunita.nair@bpcl.co.in,48422.13,INR,ATF,7716,TRK4675,TID878476,2025-03-24,,TankFarm-9,CNTR-26371,Weather delay,2025-03-07T22:18:00,"{""company"": ""BPCL"", ""transaction_type"": ""outgoing"", ""fuel_type"": ""ATF"", ""quantity_liters"": 7716, ""truck_count"": 1, ""contract_ref"": ""CNTR-26371"", ""storage_location"": ""TankFarm-9""}",26350.37,INR,2025-03-07T22:18:00
247,Group A,BPCL-TXN-1000102,outgoing,Kavita Jain,kavita.jain@bpcl.co.in,305977.12,INR,LDO,37184,TRK1881,TID113595,2025-02-02,,TankFarm-4,CNTR-27259,Weather delay,2025-03-23T22:45:00,"{""company"": ""BPCL"", ""transaction_type"": ""outgoing"", ""fuel_type"": ""LDO"", ""quantity_liters"": 37184, ""truck_count"": 1, ""contract_ref"": ""CNTR-27259"", ""storage_location"": ""TankFarm-4""}",26363.74,INR,2025-03-23T22:45:00
248,Group B,BPCL-TXN-1000103,outgoing,Meera Khosla,meera.khosla@bpcl.co.in,724110.12,INR,LDO,30413,TRK3906,TID815819,2025-01-10,,TankFarm-3,CNTR-22847,Documentation pending,2025-01-16T12:02:00,"{""company"": ""BPCL"", ""transaction_type"": ""outgoing"", ""fuel_type"": ""LDO"", ""quantity_liters"": 30413, ""truck_count"": 1, ""contract_ref"": ""CNTR-22847"", ""storage_location"": ""TankFarm-3""}",26377.11,INR,2025-01-16T12:02:00
254,Group B,BPCL-TXN-1000104,outgoing,Sahil Patel,sahil.patel@bpcl.co.in,284332.6,INR,Naphtha,7955,TRK5748,TID925115,2025-03-29,,TankFarm-5,CNTR-29937,Requires escort,2025-02-06T14:24:00,"{""company"": ""BPCL"", ""transaction_type"": ""outgoing"", ""fuel_type"": ""Naphtha"", ""quantity_liters"": 7955, ""truck_count"": 1, ""contract_ref"": ""CNTR-29937"", ""storage_location"": ""TankFarm-5""}",26390.48,INR,2025-02-06T14:24:00
259,Group A,BPCL-TXN-1000105,outgoing,Pooja Khosla,pooja.khosla@bpcl.co.in,265383.14,INR,ATF,31333,TRK8296,TID476167,2025-02-09,,TankFarm-8,CNTR-29038,Requires escort,2025-01-23T20:38:00,"{""company"": ""BPCL"", ""transaction_type"": ""outgoing"", ""fuel_type"": ""ATF"", ""quantity_liters"": 31333, ""truck_count"": 1, ""contract_ref"": ""CNTR-29038"", ""storage_location"": ""TankFarm-8""}",26403.85,INR,2025-01-23T20:38:00
261,Group C,BPCL-TXN-1000106,outgoing,Amit Singh,amit.singh@bpcl.co.in,388314.3,INR,MS,27003,TRK6961,TID626560,2025-01-02,,TankFarm-11,CNTR-23913,Customs hold,2025-03-07T04:28:00,"{""company"": ""BPCL"", ""transaction_type"": ""outgoing"", ""fuel_type"": ""MS"", ""quantity_liters"": 27003, ""truck_count"": 1, ""contract_ref"": ""CNTR-23913"", ""storage_location"": ""TankFarm-11""}",26417.22,INR,2025-03-07T04:28:00
267,Group C,BPCL-TXN-1000107,outgoing,Amit Khosla,amit.khosla@bpcl.co.in,522053.59,INR,ATF,39705,TRK2127,TID340977,2025-02-18,,TankFarm-7,CNTR-22166,Requires escort,2025-01-03T06:33:00,"{""company"": ""BPCL"", ""transaction_type"": ""outgoing"", ""fuel_type"": ""ATF"", ""quantity_liters"": 39705, ""truck_count"": 1, ""contract_ref"": ""CNTR-22166"", ""storage_location"": ""TankFarm-7""}",26430.59,INR,2025-01-03T06:33:00
268,Group A,BPCL-TXN-1000108,outgoing,Pooja Jain,pooja.jain@bpcl.co.in,624222.78,INR,Naphtha,7311,TRK3906,TID598985,2025-03-20,,TankFarm-10,CNTR-20639,Documentation pending,2025-03-06T03:05:00,"{""company"": ""BPCL"", ""transaction_type"": ""outgoing"", ""fuel_type"": ""Naphtha"", ""quantity_liters"": 7311, ""truck_count"": 1, ""contract_ref"": ""CNTR-20639"", ""storage_location"": ""TankFarm-10""}",26443.96,INR,2025-03-06T03:05:00
272,Group B,BPCL-TXN-1000109,outgoing,Meera Khosla,meera.khosla@bpcl.co.in,313644.07,INR,HSD,8804,TRK4764,TID568288,2025-03-31,,TankFarm-3,CNTR-21642,Weather delay,2025-03-07T12:50:00,"{""company"": ""BPCL"", ""transaction_type"": ""outgoing"", ""fuel_type"": ""HSD"", ""quantity_liters"": 8804, ""truck_count"": 1, ""contract_ref"": ""CNTR-21642"", ""storage_location"": ""TankFarm-3""}",26457.33,INR,2025-03-07T12:50:00
276,Group C,BPCL-TXN-1000110,outgoing,Ketan Rao,ketan.rao@bpcl.co.in,189064.25,INR,HSD,30803,TRK7618,TID702833,2025-01-01,,TankFarm-5,CNTR-22867,Quality check required,2025-03-06T03:35:00,"{""company"": ""BPCL"", ""transaction_type"": ""outgoing"", ""fuel_type"": ""HSD"", ""quantity_liters"": 30803, ""truck_count"": 1, ""contract_ref"": ""CNTR-22867"", ""storage_location"": ""TankFarm-5""}",26470.7,INR,2025-03-06T03:35:00
280,Group A,BPCL-TXN-1000111,outgoing,Amit Patel,amit.patel@bpcl.co.in,111911.91,INR,MS,33287,TRK1108,TID901368,2025-03-11,,TankFarm-1,CNTR-27901,Gate pass pending,2025-03-21T10:31:00,"{""company"": ""BPCL"", ""transaction_type"": ""outgoing"", ""fuel_type"": ""MS"", ""quantity_liters"": 33287, ""truck_count"": 1, ""contract_ref"": ""CNTR-27901"", ""storage_location"": ""TankFarm-1""}",26484.07,INR,2025-03-21T10:31:00
281,Group B,BPCL-TXN-1000112,outgoing,Rahul Mehta,rahul.mehta@bpcl.co.in,738686.14,INR,Naphtha,19367,TRK7518,TID332881,2025-03-15,,TankFarm-3,CNTR-20887,Documentation pending,2025-02-24T15:34:00,"{""company"": ""BPCL"", ""transaction_type"": ""outgoing"", ""fuel_type"": ""Naphtha"", ""quantity_liters"": 19367, ""truck_count"": 1, ""contract_ref"": ""CNTR-20887"", ""storage_location"": ""TankFarm-3""}",26497.44,INR,2025-02-24T15:34:00
283,Group A,BPCL-TXN-1000113,outgoing,Ketan Mehta,ketan.mehta@bpcl.co.in,386608.26,INR,HSD,28465,TRK7099,TID482812,2025-02-21,,TankFarm-5,CNTR-27384,Customs hold,2025-03-15T04:36:00,"{""company"": ""BPCL"", ""transaction_type"": ""outgoing"", ""fuel_type"": ""HSD"", ""quantity_liters"": 28465, ""truck_count"": 1, ""contract_ref"": ""CNTR-27384"", ""storage_location"": ""TankFarm-5""}",26510.81,INR,2025-03-15T04:36:00
284,Group B,BPCL-TXN-1000114,outgoing,Sahil Rao,sahil.rao@bpcl.co.in,607963.5,INR,Naphtha,29325,TRK7240,TID305587,2025-01-19,,TankFarm-12,CNTR-22450,Temperature sensitive,2025-01-02T05:26:00,"{""company"": ""BPCL"", ""transaction_type"": ""outgoing"", ""fuel_type"": ""Naphtha"", ""quantity_liters"": 29325, ""truck_count"": 1, ""contract_ref"": ""CNTR-22450"", ""storage_location"": ""TankFarm-12""}",26524.18,INR,2025-01-02T05:26:00
287,Group B,BPCL-TXN-1000115,outgoing,Meera Rao,meera.rao@bpcl.co.in,282454.05,INR,Naphtha,32948,TRK8322,TID182216,2025-02-18,,TankFarm-10,CNTR-24694,Temperature sensitive,2025-03-22T04:55:00,"{""company"": ""BPCL"", ""transaction_type"": ""outgoing"", ""fuel_type"": ""Naphtha"", ""quantity_liters"": 32948, ""truck_count"": 1, ""contract_ref"": ""CNTR-24694"", ""storage_location"": ""TankFarm-10""}",26537.55,INR,2025-03-22T04:55:00
289,Group A,BPCL-TXN-1000116,outgoing,Kavita Singh,kavita.singh@bpcl.co.in,591206.18,INR,LDO,39464,TRK9535,TID572161,2025-02-22,,TankFarm-3,CNTR-23012,Standard operation,2025-01-17T23:15:00,"{""company"": ""BPCL"", ""transaction_type"": ""outgoing"", ""fuel_type"": ""LDO"", ""quantity_liters"": 39464, ""truck_count"": 1, ""contract_ref"": ""CNTR-23012"", ""storage_location"": ""TankFarm-3""}",26550.92,INR,2025-01-17T23:15:00
290,Group B,BPCL-TXN-1000117,outgoing,Sunita Mehta,sunita.mehta@bpcl.co.in,312858.05,INR,MS,5180,TRK8752,TID675074,2025-01-07,,TankFarm-1,CNTR-26504,Documentation pending,2025-01-11T03:16:00,"{""company"": ""BPCL"", ""transaction_type"": ""outgoing"", ""fuel_type"": ""MS"", ""quantity_liters"": 5180, ""truck_count"": 1, ""contract_ref"": ""CNTR-26504"", ""storage_location"": ""TankFarm-1""}",26564.29,INR,2025-01-11T03:16:00
291,Group C,BPCL-TXN-1000118,outgoing,Pooja Jain,pooja.jain@bpcl.co.in,249293.72,INR,HSD,19623,TRK8260,TID756912,2025-01-17,,TankFarm-3,CNTR-28630,Customs hold,2025-01-04T01:42:00,"{""company"": ""BPCL"", ""transaction_type"": ""outgoing"", ""fuel_type"": ""HSD"", ""quantity_liters"": 19623, ""truck_count"": 1, ""contract_ref"": ""CNTR-28630"", ""storage_location"": ""TankFarm-3""}",26577.66,INR,2025-01-04T01:42:00
294,Group C,BPCL-TXN-1000119,outgoing,Vikram Sharma,vikram.sharma@bpcl.co.in,580255.17,INR,LDO,16152,TRK1118,TID674842,2025-02-17,,TankFarm-4,CNTR-26745,Documentation pending,2025-02-25T12:15:00,"{""company"": ""BPCL"", ""transaction_type"": ""outgoing"", ""fuel_type"": ""LDO"", ""quantity_liters"": 16152, ""truck_count"": 1, ""contract_ref"": ""CNTR-26745"", ""storage_location"": ""TankFarm-4""}",26591.03,INR,2025-02-25T12:15:00
300,Group C,BPCL-TXN-1000120,outgoing,Sahil Bansal,sahil.bansal@bpcl.co.in,137369.16,INR,MS,17300,TRK3583,TID624203,2025-01-12,,TankFarm-11,CNTR-25544,Standard operation,2025-01-08T11:41:00,"{""company"": ""BPCL"", ""transaction_type"": ""outgoing"", ""fuel_type"": ""MS"", ""quantity_liters"": 17300, ""truck_count"": 1, ""contract_ref"": ""CNTR-25544"", ""storage_location"": ""TankFarm-11""}",26604.4,INR,2025-01-08T11:41:00
303,Group C,BPCL-TXN-1000121,outgoing,Ketan Khosla,ketan.khosla@bpcl.co.in,70922.77,INR,Naphtha,26394,TRK4110,TID649526,2025-03-29,,TankFarm-8,CNTR-29035,Customs hold,2025-03-20T09:20:00,"{""company"": ""BPCL"", ""transaction_type"": ""outgoing"", ""fuel_type"": ""Naphtha"", ""quantity_liters"": 26394, ""truck_count"": 1, ""contract_ref"": ""CNTR-29035"", ""storage_location"": ""TankFarm-8""}",26617.77,INR,2025-03-20T09:20:00
307,Group A,BPCL-TXN-1000122,outgoing,Shreya Khosla,shreya.khosla@bpcl.co.in,429652.67,INR,MS,38785,TRK6864,TID807256,2025-02-28,,TankFarm-12,CNTR-26997,Requires escort,2025-01-22T05:35:00,"{""company"": ""BPCL"", ""transaction_type"": ""outgoing"", ""fuel_type"": ""MS"", ""quantity_liters"": 38785, ""truck_count"": 1, ""contract_ref"": ""CNTR-26997"", ""storage_location"": ""TankFarm-12""}",26631.14,INR,2025-01-22T05:35:00
310,Group A,BPCL-TXN-1000123,outgoing,Priya Sharma,priya.sharma@bpcl.co.in,358768.11,INR,HSD,10070,TRK5341,TID484914,2025-03-16,,TankFarm-4,CNTR-23817,Priority consignment,2025-02-08T02:36:00,"{""company"": ""BPCL"", ""transaction_type"": ""outgoing"", ""fuel_type"": ""HSD"", ""quantity_liters"": 10070, ""truck_count"": 1, ""contract_ref"": ""CNTR-23817"", ""storage_location"": ""TankFarm-4""}",26644.51,INR,2025-02-08T02:36:00
312,Group C,BPCL-TXN-1000124,outgoing,Pooja Gupta,pooja.gupta@bpcl.co.in,302303.05,INR,LDO,35365,TRK1674,TID434827,2025-03-11,,TankFarm-10,CNTR-22450,Gate pass pending,2025-03-06T22:14:00,"{""company"": ""BPCL"", ""transaction_type"": ""outgoing"", ""fuel_type"": ""LDO"", ""quantity_liters"": 35365, ""truck_count"": 1, ""contract_ref"": ""CNTR-22450"", ""storage_location"": ""TankFarm-10""}",26657.88,INR,2025-03-06T22:14:00
316,Group A,BPCL-TXN-1000125,outgoing,Priya Khosla,priya.khosla@bpcl.co.in,64540.06,INR,Naphtha,10678,TRK5713,TID114400,2025-02-13,,TankFarm-12,CNTR-21823,Priority consignment,2025-02-27T15:01:00,"{""company"": ""BPCL"", ""transaction_type"": ""outgoing"", ""fuel_type"": ""Naphtha"", ""quantity_liters"": 10678, ""truck_count"": 1, ""contract_ref"": ""CNTR-21823"", ""storage_location"": ""TankFarm-12""}",26671.25,INR,2025-02-27T15:01:00
320,Group B,BPCL-TXN-1000126,outgoing,Vikram Sharma,vikram.sharma@bpcl.co.in,478699.46,INR,ATF,2931,TRK5590,TID336540,2025-01-20,,TankFarm-6,CNTR-26436,Customs hold,2025-01-12T23:24:00,"{""company"": ""BPCL"", ""transaction_type"": ""outgoing"", ""fuel_type"": ""ATF"", ""quantity_liters"": 2931, ""truck_count"": 1, ""contract_ref"": ""CNTR-26436"", ""storage_location"": ""TankFarm-6""}",26684.62,INR,2025-01-12T23:24:00
322,Group A,BPCL-TXN-1000127,outgoing,Pooja Bansal,pooja.bansal@bpcl.co.in,689906.29,INR,LDO,5444,TRK9732,TID854388,2025-01-16,,TankFarm-3,CNTR-25203,Customs hold,2025-01-04T10:56:00,"{""company"": ""BPCL"", ""transaction_type"": ""outgoing"", ""fuel_type"": ""LDO"", ""quantity_liters"": 5444, ""truck_count"": 1, ""contract_ref"": ""CNTR-25203"", ""storage_location"": ""TankFarm-3""}",26697.99,INR,2025-01-04T10:56:00
323,Group B,BPCL-TXN-1000128,outgoing,Vikram Singh,vikram.singh@bpcl.co.in,565567.05,INR,LDO,10958,TRK4079,TID211957,2025-01-17,,TankFarm-3,CNTR-20429,Priority consignment,2025-03-19T18:39:00,"{""company"": ""BPCL"", ""transaction_type"": ""outgoing"", ""fuel_type"": ""LDO"", ""quantity_liters"": 10958, ""truck_count"": 1, ""contract_ref"": ""CNTR-20429"", ""storage_location"": ""TankFarm-3""}",26711.36,INR,2025-03-19T18:39:00
326,Group B,BPCL-TXN-1000129,outgoing,Shreya Gupta,shreya.gupta@bpcl.co.in,659942.65,INR,MS,35121,TRK2791,TID573546,2025-02-28,,TankFarm-1,CNTR-24025,Documentation pending,2025-03-10T12:47:00,"{""company"": ""BPCL"", ""transaction_type"": ""outgoing"", ""fuel_type"": ""MS"", ""quantity_liters"": 35121, ""truck_count"": 1, ""contract_ref"": ""CNTR-24025"", ""storage_location"": ""TankFarm-1""}",26724.73,INR,2025-03-10T12:47:00
329,Group B,BPCL-TXN-1000130,outgoing,Sahil Khosla,sahil.khosla@bpcl.co.in,114569.56,INR,MS,30451,TRK6946,TID189450,2025-03-09,,TankFarm-12,CNTR-26292,Documentation pending,2025-03-20T05:24:00,"{""company"": ""BPCL"", ""transaction_type"": ""outgoing"", ""fuel_type"": ""MS"", ""quantity_liters"": 30451, ""truck_count"": 1, ""contract_ref"": ""CNTR-26292"", ""storage_location"": ""TankFarm-12""}",26738.1,INR,2025-03-20T05:24:00
330,Group C,BPCL-TXN-1000131,outgoing,Meera Mehta,meera.mehta@bpcl.co.in,686383.26,INR,Naphtha,10836,TRK3656,TID251631,2025-01-23,,TankFarm-12,CNTR-20840,Quality check required,2025-02-09T09:46:00,"{""company"": ""BPCL"", ""transaction_type"": ""outgoing"", ""fuel_type"": ""Naphtha"", ""quantity_liters"": 10836, ""truck_count"": 1, ""contract_ref"": ""CNTR-20840"", ""storage_location"": ""TankFarm-12""}",26751.47,INR,2025-02-09T09:46:00
331,Group A,BPCL-TXN-1000132,outgoing,Vikram Gupta,vikram.gupta@bpcl.co.in,156004.62,INR,HSD,14294,TRK1057,TID752801,2025-02-02,,TankFarm-1,CNTR-27514,Temperature sensitive,2025-03-05T17:51:00,"{""company"": ""BPCL"", ""transaction_type"": ""outgoing"", ""fuel_type"": ""HSD"", ""quantity_liters"": 14294, ""truck_count"": 1, ""contract_ref"": ""CNTR-27514"", ""storage_location"": ""TankFarm-1""}",26764.84,INR,2025-03-05T17:51:00
334,Group A,BPCL-TXN-1000133,outgoing,Priya Rao,priya.rao@bpcl.co.in,259045.84,INR,ATF,5434,TRK8001,TID984274,2025-03-12,,TankFarm-2,CNTR-24797,Temperature sensitive,2025-01-18T03:44:00,"{""company"": ""BPCL"", ""transaction_type"": ""outgoing"", ""fuel_type"": ""ATF"", ""quantity_liters"": 5434, ""truck_count"": 1, ""contract_ref"": ""CNTR-24797"", ""storage_location"": ""TankFarm-2""}",26778.21,INR,2025-01-18T03:44:00
335,Group B,BPCL-TXN-1000134,outgoing,Shreya Jain,shreya.jain@bpcl.co.in,405368.5,INR,HSD,4813,TRK2790,TID699121,2025-03-22,,TankFarm-9,CNTR-21436,Temperature sensitive,2025-03-30T19:59:00,"{""company"": ""BPCL"", ""transaction_type"": ""outgoing"", ""fuel_type"": ""HSD"", ""quantity_liters"": 4813, ""truck_count"": 1, ""contract_ref"": ""CNTR-21436"", ""storage_location"": ""TankFarm-9""}",26791.58,INR,2025-03-30T19:59:00
336,Group C,BPCL-TXN-1000135,outgoing,Neha Bansal,neha.bansal@bpcl.co.in,639653.53,INR,LDO,35432,TRK6797,TID236014,2025-03-20,,TankFarm-10,CNTR-28132,Documentation pending,2025-03-22T15:31:00,"{""company"": ""BPCL"", ""transaction_type"": ""outgoing"", ""fuel_type"": ""LDO"", ""quantity_liters"": 35432, ""truck_count"": 1, ""contract_ref"": ""CNTR-28132"", ""storage_location"": ""TankFarm-10""}",26804.95,INR,2025-03-22T15:31:00
337,Group A,BPCL-TXN-1000136,outgoing,Sahil Rao,sahil.rao@bpcl.co.in,734961.8,INR,MS,8746,TRK1392,TID587467,2025-03-22,,TankFarm-2,CNTR-23396,Quality check required,2025-02-22T01:21:00,"{""company"": ""BPCL"", ""transaction_type"": ""outgoing"", ""fuel_type"": ""MS"", ""quantity_liters"": 8746, ""truck_count"": 1, ""contract_ref"": ""CNTR-23396"", ""storage_location"": ""TankFarm-2""}",26818.32,INR,2025-02-22T01:21:00
340,Group A,BPCL-TXN-1000137,outgoing,Shreya Nair,shreya.nair@bpcl.co.in,38570.86,INR,Naphtha,22739,TRK6793,TID169429,2025-01-20,,TankFarm-5,CNTR-20510,Gate pass pending,2025-02-18T20:34:00,"{""company"": ""BPCL"", ""transaction_type"": ""outgoing"", ""fuel_type"": ""Naphtha"", ""quantity_liters"": 22739, ""truck_count"": 1, ""contract_ref"": ""CNTR-20510"", ""storage_location"": ""TankFarm-5""}",26831.69,INR,2025-02-18T20:34:00
341,Group B,BPCL-TXN-1000138,outgoing,Amit Bansal,amit.bansal@bpcl.co.in,109712.36,INR,LDO,21611,TRK1518,TID384685,2025-02-22,,TankFarm-2,CNTR-28143,Weather delay,2025-02-17T14:53:00,"{""company"": ""BPCL"", ""transaction_type"": ""outgoing"", ""fuel_type"": ""LDO"", ""quantity_liters"": 21611, ""truck_count"": 1, ""contract_ref"": ""CNTR-28143"", ""storage_location"": ""TankFarm-2""}",26845.06,INR,2025-02-17T14:53:00
342,Group C,BPCL-TXN-1000139,outgoing,Shreya Rao,shreya.rao@bpcl.co.in,151884.24,INR,LDO,3450,TRK4311,TID197102,2025-02-26,,TankFarm-9,CNTR-20408,Temperature sensitive,2025-03-06T04:12:00,"{""company"": ""BPCL"", ""transaction_type"": ""outgoing"", ""fuel_type"": ""LDO"", ""quantity_liters"": 3450, ""truck_count"": 1, ""contract_ref"": ""CNTR-20408"", ""storage_location"": ""TankFarm-9""}",26858.43,INR,2025-03-06T04:12:00
347,Group B,BPCL-TXN-1000140,outgoing,Priya Jain,priya.jain@bpcl.co.in,64004.91,INR,ATF,26684,TRK3932,TID838908,2025-03-18,,TankFarm-10,CNTR-27304,Gate pass pending,2025-02-09T10:52:00,"{""company"": ""BPCL"", ""transaction_type"": ""outgoing"", ""fuel_type"": ""ATF"", ""quantity_liters"": 26684, ""truck_count"": 1, ""contract_ref"": ""CNTR-27304"", ""storage_location"": ""TankFarm-10""}",26871.8,INR,2025-02-09T10:52:00
349,Group A,BPCL-TXN-1000141,outgoing,Kavita Verma,kavita.verma@bpcl.co.in,309255.77,INR,LDO,22283,TRK8426,TID611187,2025-01-04,,TankFarm-2,CNTR-27787,Requires escort,2025-02-14T15:29:00,"{""company"": ""BPCL"", ""transaction_type"": ""outgoing"", ""fuel_type"": ""LDO"", ""quantity_liters"": 22283, ""truck_count"": 1, ""contract_ref"": ""CNTR-27787"", ""storage_location"": ""TankFarm-2""}",26885.17,INR,2025-02-14T15:29:00
350,Group B,BPCL-TXN-1000142,outgoing,Meera Verma,meera.verma@bpcl.co.in,463219.17,INR,HSD,34288,TRK2686,TID525392,2025-01-14,,TankFarm-6,CNTR-29111,Requires escort,2025-02-08T17:29:00,"{""company"": ""BPCL"", ""transaction_type"": ""outgoing"", ""fuel_type"": ""HSD"", ""quantity_liters"": 34288, ""truck_count"": 1, ""contract_ref"": ""CNTR-29111"", ""storage_location"": ""TankFarm-6""}",26898.54,INR,2025-02-08T17:29:00
352,Group A,BPCL-TXN-1000143,outgoing,Priya Bansal,priya.bansal@bpcl.co.in,457154.73,INR,LDO,37378,TRK2599,TID961953,2025-02-26,,TankFarm-3,CNTR-25046,Quality check required,2025-01-09T19:06:00,"{""company"": ""BPCL"", ""transaction_type"": ""outgoing"", ""fuel_type"": ""LDO"", ""quantity_liters"": 37378, ""truck_count"": 1, ""contract_ref"": ""CNTR-25046"", ""storage_location"": ""TankFarm-3""}",26911.91,INR,2025-01-09T19:06:00
353,Group B,BPCL-TXN-1000144,outgoing,Ketan Singh,ketan.singh@bpcl.co.in,492617.11,INR,MS,6933,TRK4565,TID956721,2025-01-18,,TankFarm-10,CNTR-20003,Customs hold,2025-03-26T04:28:00,"{""company"": ""BPCL"", ""transaction_type"": ""outgoing"", ""fuel_type"": ""MS"", ""quantity_liters"": 6933, ""truck_count"": 1, ""contract_ref"": ""CNTR-20003"", ""storage_location"": ""TankFarm-10""}",26925.28,INR,2025-03-26T04:28:00
357,Group C,BPCL-TXN-1000145,outgoing,Ajay Singh,ajay.singh@bpcl.co.in,672847.29,INR,Naphtha,28898,TRK3945,TID576467,2025-03-07,,TankFarm-7,CNTR-29044,Temperature sensitive,2025-02-19T11:14:00,"{""company"": ""BPCL"", ""transaction_type"": ""outgoing"", ""fuel_type"": ""Naphtha"", ""quantity_liters"": 28898, ""truck_count"": 1, ""contract_ref"": ""CNTR-29044"", ""storage_location"": ""TankFarm-7""}",26938.65,INR,2025-02-19T11:14:00
362,Group B,BPCL-TXN-1000146,outgoing,Sahil Patel,sahil.patel@bpcl.co.in,462770.62,INR,Naphtha,10904,TRK8317,TID487728,2025-01-23,,TankFarm-5,CNTR-23869,Temperature sensitive,2025-01-24T16:55:00,"{""company"": ""BPCL"", ""transaction_type"": ""outgoing"", ""fuel_type"": ""Naphtha"", ""quantity_liters"": 10904, ""truck_count"": 1, ""contract_ref"": ""CNTR-23869"", ""storage_location"": ""TankFarm-5""}",26952.02,INR,2025-01-24T16:55:00
365,Group B,BPCL-TXN-1000147,outgoing,Ajay Jain,ajay.jain@bpcl.co.in,467602.04,INR,LDO,22952,TRK5429,TID380061,2025-01-13,,TankFarm-5,CNTR-29571,Quality check required,2025-03-01T21:47:00,"{""company"": ""BPCL"", ""transaction_type"": ""outgoing"", ""fuel_type"": ""LDO"", ""quantity_liters"": 22952, ""truck_count"": 1, ""contract_ref"": ""CNTR-29571"", ""storage_location"": ""TankFarm-5""}",26965.39,INR,2025-03-01T21:47:00
367,Group A,BPCL-TXN-1000148,outgoing,Anil Gupta,anil.gupta@bpcl.co.in,673126.05,INR,HSD,8981,TRK2965,TID190582,2025-03-19,,TankFarm-3,CNTR-26159,Customs hold,2025-01-15T22:11:00,"{""company"": ""BPCL"", ""transaction_type"": ""outgoing"", ""fuel_type"": ""HSD"", ""quantity_liters"": 8981, ""truck_count"": 1, ""contract_ref"": ""CNTR-26159"", ""storage_location"": ""TankFarm-3""}",26978.76,INR,2025-01-15T22:11:00
370,Group A,BPCL-TXN-1000149,outgoing,Vikram Mehta,vikram.mehta@bpcl.co.in,532540.02,INR,ATF,38659,TRK1060,TID640418,2025-04-01,,TankFarm-8,CNTR-27833,Quality check required,2025-02-21T23:49:00,"{""company"": ""BPCL"", ""transaction_type"": ""outgoing"", ""fuel_type"": ""ATF"", ""quantity_liters"": 38659, ""truck_count"": 1, ""contract_ref"": ""CNTR-27833"", ""storage_location"": ""TankFarm-8""}",26992.13,INR,2025-02-21T23:49:00
371,Group B,BPCL-TXN-1000150,outgoing,Shreya Desai,shreya.desai@bpcl.co.in,27397.84,INR,ATF,8943,TRK9770,TID476353,2025-02-12,,TankFarm-11,CNTR-24961,Quality check required,2025-01-08T20:41:00,"{""company"": ""BPCL"", ""transaction_type"": ""outgoing"", ""fuel_type"": ""ATF"", ""quantity_liters"": 8943, ""truck_count"": 1, ""contract_ref"": ""CNTR-24961"", ""storage_location"": ""TankFarm-11""}",27005.5,INR,2025-01-08T20:41:00
374,Group B,BPCL-TXN-1000151,outgoing,Rahul Gupta,rahul.gupta@bpcl.co.in,655895.02,INR,Naphtha,10761,TRK4817,TID175532,2025-01-05,,TankFarm-12,CNTR-22319,Temperature sensitive,2025-03-25T00:30:00,"{""company"": ""BPCL"", ""transaction_type"": ""outgoing"", ""fuel_type"": ""Naphtha"", ""quantity_liters"": 10761, ""truck_count"": 1, ""contract_ref"": ""CNTR-22319"", ""storage_location"": ""TankFarm-12""}",27018.87,INR,2025-03-25T00:30:00
375,Group C,BPCL-TXN-1000152,outgoing,Sunita Khosla,sunita.khosla@bpcl.co.in,495370.15,INR,MS,12288,TRK1818,TID422266,2025-01-13,,TankFarm-8,CNTR-22796,Requires escort,2025-01-14T03:31:00,"{""company"": ""BPCL"", ""transaction_type"": ""outgoing"", ""fuel_type"": ""MS"", ""quantity_liters"": 12288, ""truck_count"": 1, ""contract_ref"": ""CNTR-22796"", ""storage_location"": ""TankFarm-8""}",27032.24,INR,2025-01-14T03:31:00
376,Group A,BPCL-TXN-1000153,outgoing,Priya Desai,priya.desai@bpcl.co.in,334003.31,INR,ATF,22249,TRK2979,TID817318,2025-03-15,,TankFarm-9,CNTR-22250,Gate pass pending,2025-01-28T01:37:00,"{""company"": ""BPCL"", ""transaction_type"": ""outgoing"", ""fuel_type"": ""ATF"", ""quantity_liters"": 22249, ""truck_count"": 1, ""contract_ref"": ""CNTR-22250"", ""storage_location"": ""TankFarm-9""}",27045.61,INR,2025-01-28T01:37:00
378,Group C,BPCL-TXN-1000154,outgoing,Neha Khosla,neha.khosla@bpcl.co.in,610373.56,INR,ATF,9316,TRK4377,TID250038,2025-03-23,,TankFarm-5,CNTR-28570,Temperature sensitive,2025-02-22T07:11:00,"{""company"": ""BPCL"", ""transaction_type"": ""outgoing"", ""fuel_type"": ""ATF"", ""quantity_liters"": 9316, ""truck_count"": 1, ""contract_ref"": ""CNTR-28570"", ""storage_location"": ""TankFarm-5""}",27058.98,INR,2025-02-22T07:11:00
379,Group A,BPCL-TXN-1000155,outgoing,Anil Mehta,anil.mehta@bpcl.co.in,544969.1,INR,Naphtha,6768,TRK5934,TID464750,2025-02-23,,TankFarm-1,CNTR-29137,Weather delay,2025-01-25T03:33:00,"{""company"": ""BPCL"", ""transaction_type"": ""outgoing"", ""fuel_type"": ""Naphtha"", ""quantity_liters"": 6768, ""truck_count"": 1, ""contract_ref"": ""CNTR-29137"", ""storage_location"": ""TankFarm-1""}",27072.35,INR,2025-01-25T03:33:00
380,Group B,BPCL-TXN-1000156,outgoing,Ajay Nair,ajay.nair@bpcl.co.in,392967.05,INR,ATF,14638,TRK5528,TID155646,2025-01-25,,TankFarm-2,CNTR-22444,Temperature sensitive,2025-03-05T05:10:00,"{""company"": ""BPCL"", ""transaction_type"": ""outgoing"", ""fuel_type"": ""ATF"", ""quantity_liters"": 14638, ""truck_count"": 1, ""contract_ref"": ""CNTR-22444"", ""storage_location"": ""TankFarm-2""}",27085.72,INR,2025-03-05T05:10:00
381,Group C,BPCL-TXN-1000157,outgoing,Ramesh Gupta,ramesh.gupta@bpcl.co.in,289039.98,INR,HSD,29486,TRK5118,TID450533,2025-03-20,,TankFarm-8,CNTR-20709,Requires escort,2025-01-07T17:11:00,"{""company"": ""BPCL"", ""transaction_type"": ""outgoing"", ""fuel_type"": ""HSD"", ""quantity_liters"": 29486, ""truck_count"": 1, ""contract_ref"": ""CNTR-20709"", ""storage_location"": ""TankFarm-8""}",27099.09,INR,2025-01-07T17:11:00
385,Group A,BPCL-TXN-1000158,outgoing,Ajay Desai,ajay.desai@bpcl.co.in,453896.13,INR,ATF,19295,TRK1237,TID865479,2025-02-24,,TankFarm-12,CNTR-24041,Weather delay,2025-02-11T13:37:00,"{""company"": ""BPCL"", ""transaction_type"": ""outgoing"", ""fuel_type"": ""ATF"", ""quantity_liters"": 19295, ""truck_count"": 1, ""contract_ref"": ""CNTR-24041"", ""storage_location"": ""TankFarm-12""}",27112.46,INR,2025-02-11T13:37:00
387,Group C,BPCL-TXN-1000159,outgoing,Rahul Singh,rahul.singh@bpcl.co.in,199370.83,INR,Naphtha,1814,TRK7662,TID328596,2025-01-17,,TankFarm-6,CNTR-24846,Weather delay,2025-03-24T02:01:00,"{""company"": ""BPCL"", ""transaction_type"": ""outgoing"", ""fuel_type"": ""Naphtha"", ""quantity_liters"": 1814, ""truck_count"": 1, ""contract_ref"": ""CNTR-24846"", ""storage_location"": ""TankFarm-6""}",27125.83,INR,2025-03-24T02:01:00
389,Group B,BPCL-TXN-1000160,outgoing,Ajay Gupta,ajay.gupta@bpcl.co.in,76256.48,INR,LDO,35794,TRK1535,TID410997,2025-02-24,,TankFarm-5,CNTR-28887,Weather delay,2025-03-29T02:39:00,"{""company"": ""BPCL"", ""transaction_type"": ""outgoing"", ""fuel_type"": ""LDO"", ""quantity_liters"": 35794, ""truck_count"": 1, ""contract_ref"": ""CNTR-28887"", ""storage_location"": ""TankFarm-5""}",27139.2,INR,2025-03-29T02:39:00
390,Group C,BPCL-TXN-1000161,outgoing,Shreya Gupta,shreya.gupta@bpcl.co.in,288893.13,INR,MS,8272,TRK7274,TID483349,2025-03-01,,TankFarm-10,CNTR-20669,Gate pass pending,2025-02-16T05:41:00,"{""company"": ""BPCL"", ""transaction_type"": ""outgoing"", ""fuel_type"": ""MS"", ""quantity_liters"": 8272, ""truck_count"": 1, ""contract_ref"": ""CNTR-20669"", ""storage_location"": ""TankFarm-10""}",27152.57,INR,2025-02-16T05:41:00
391,Group A,BPCL-TXN-1000162,outgoing,Shreya Khosla,shreya.khosla@bpcl.co.in,585842.24,INR,HSD,22949,TRK4909,TID665847,2025-01-15,,TankFarm-11,CNTR-27839,Weather delay,2025-01-29T10:22:00,"{""company"": ""BPCL"", ""transaction_type"": ""outgoing"", ""fuel_type"": ""HSD"", ""quantity_liters"": 22949, ""truck_count"": 1, ""contract_ref"": ""CNTR-27839"", ""storage_location"": ""TankFarm-11""}",27165.94,INR,2025-01-29T10:22:00
392,Group B,BPCL-TXN-1000163,outgoing,Pooja Jain,pooja.jain@bpcl.co.in,225930.37,INR,MS,25432,TRK6656,TID574386,2025-03-04,,TankFarm-9,CNTR-28629,Requires escort,2025-03-02T22:34:00,"{""company"": ""BPCL"", ""transaction_type"": ""outgoing"", ""fuel_type"": ""MS"", ""quantity_liters"": 25432, ""truck_count"": 1, ""contract_ref"": ""CNTR-28629"", ""storage_location"": ""TankFarm-9""}",27179.31,INR,2025-03-02T22:34:00
393,Group C,BPCL-TXN-1000164,outgoing,Kavita Rao,kavita.rao@bpcl.co.in,352684.33,INR,LDO,5300,TRK4085,TID580115,2025-01-12,,TankFarm-2,CNTR-26400,Customs hold,2025-02-06T02:06:00,"{""company"": ""BPCL"", ""transaction_type"": ""outgoing"", ""fuel_type"": ""LDO"", ""quantity_liters"": 5300, ""truck_count"": 1, ""contract_ref"": ""CNTR-26400"", ""storage_location"": ""TankFarm-2""}",27192.68,INR,2025-02-06T02:06:00
398,Group B,BPCL-TXN-1000165,outgoing,Pooja Khosla,pooja.khosla@bpcl.co.in,239278.73,INR,LDO,38599,TRK3409,TID938416,2025-03-14,,TankFarm-12,CNTR-27243,Gate pass pending,2025-03-30T03:46:00,"{""company"": ""BPCL"", ""transaction_type"": ""outgoing"", ""fuel_type"": ""LDO"", ""quantity_liters"": 38599, ""truck_count"": 1, ""contract_ref"": ""CNTR-27243"", ""storage_location"": ""TankFarm-12""}",27206.05,INR,2025-03-30T03:46:00
403,Group A,BPCL-TXN-1000166,outgoing,Ajay Rao,ajay.rao@bpcl.co.in,630074.27,INR,LDO,33381,TRK8593,TID335426,2025-01-04,,TankFarm-1,CNTR-22523,Priority consignment,2025-02-08T20:53:00,"{""company"": ""BPCL"", ""transaction_type"": ""outgoing"", ""fuel_type"": ""LDO"", ""quantity_liters"": 33381, ""truck_count"": 1, ""contract_ref"": ""CNTR-22523"", ""storage_location"": ""TankFarm-1""}",27219.42,INR,2025-02-08T20:53:00
404,Group B,BPCL-TXN-1000167,outgoing,Pooja Gupta,pooja.gupta@bpcl.co.in,672197.73,INR,ATF,12755,TRK9059,TID821255,2025-03-24,,TankFarm-4,CNTR-20466,Requires escort,2025-02-05T15:04:00,"{""company"": ""BPCL"", ""transaction_type"": ""outgoing"", ""fuel_type"": ""ATF"", ""quantity_liters"": 12755, ""truck_count"": 1, ""contract_ref"": ""CNTR-20466"", ""storage_location"": ""TankFarm-4""}",27232.79,INR,2025-02-05T15:04:00
405,Group C,BPCL-TXN-1000168,outgoing,Anil Singh,anil.singh@bpcl.co.in,435041.58,INR,LDO,32197,TRK2959,TID491330,2025-03-07,,TankFarm-12,CNTR-29425,Standard operation,2025-02-03T05:37:00,"{""company"": ""BPCL"", ""transaction_type"": ""outgoing"", ""fuel_type"": ""LDO"", ""quantity_liters"": 32197, ""truck_count"": 1, ""contract_ref"": ""CNTR-29425"", ""storage_location"": ""TankFarm-12""}",27246.16,INR,2025-02-03T05:37:00
407,Group B,BPCL-TXN-1000169,outgoing,Shreya Verma,shreya.verma@bpcl.co.in,657521.27,INR,LDO,18790,TRK6939,TID200488,2025-03-10,,TankFarm-10,CNTR-25761,Customs hold,2025-01-02T04:33:00,"{""company"": ""BPCL"", ""transaction_type"": ""outgoing"", ""fuel_type"": ""LDO"", ""quantity_liters"": 18790, ""truck_count"": 1, ""contract_ref"": ""CNTR-25761"", ""storage_location"": ""TankFarm-10""}",27259.53,INR,2025-01-02T04:33:00
409,Group A,BPCL-TXN-1000170,outgoing,Rahul Patel,rahul.patel@bpcl.co.in,109510.1,INR,HSD,2138,TRK8856,TID465124,2025-02-09,,TankFarm-12,CNTR-25940,Customs hold,2025-02-26T19:33:00,"{""company"": ""BPCL"", ""transaction_type"": ""outgoing"", ""fuel_type"": ""HSD"", ""quantity_liters"": 2138, ""truck_count"": 1, ""contract_ref"": ""CNTR-25940"", ""storage_location"": ""TankFarm-12""}",27272.9,INR,2025-02-26T19:33:00
410,Group B,BPCL-TXN-1000171,outgoing,Amit Khosla,amit.khosla@bpcl.co.in,245896.09,INR,MS,15572,TRK3108,TID998435,2025-03-30,,TankFarm-3,CNTR-23712,Priority consignment,2025-01-17T06:08:00,"{""company"": ""BPCL"", ""transaction_type"": ""outgoing"", ""fuel_type"": ""MS"", ""quantity_liters"": 15572, ""truck_count"": 1, ""contract_ref"": ""CNTR-23712"", ""storage_location"": ""TankFarm-3""}",27286.27,INR,2025-01-17T06:08:00
411,Group C,BPCL-TXN-1000172,outgoing,Sahil Patel,sahil.patel@bpcl.co.in,81358.09,INR,ATF,29262,TRK1696,TID305888,2025-01-14,,TankFarm-1,CNTR-28412,Standard operation,2025-03-02T03:58:00,"{""company"": ""BPCL"", ""transaction_type"": ""outgoing"", ""fuel_type"": ""ATF"", ""quantity_liters"": 29262, ""truck_count"": 1, ""contract_ref"": ""CNTR-28412"", ""storage_location"": ""TankFarm-1""}",27299.64,INR,2025-03-02T03:58:00
414,Group C,BPCL-TXN-1000173,outgoing,Neha Desai,neha.desai@bpcl.co.in,397831.98,INR,ATF,8395,TRK6149,TID229620,2025-03-01,,TankFarm-2,CNTR-28515,Customs hold,2025-03-05T11:45:00,"{""company"": ""BPCL"", ""transaction_type"": ""outgoing"", ""fuel_type"": ""ATF"", ""quantity_liters"": 8395, ""truck_count"": 1, ""contract_ref"": ""CNTR-28515"", ""storage_location"": ""TankFarm-2""}",27313.01,INR,2025-03-05T11:45:00
416,Group B,BPCL-TXN-1000174,outgoing,Rahul Nair,rahul.nair@bpcl.co.in,502447.49,INR,MS,8813,TRK3348,TID513989,2025-02-21,,TankFarm-12,CNTR-29675,Requires escort,2025-01-22T02:23:00,"{""company"": ""BPCL"", ""transaction_type"": ""outgoing"", ""fuel_type"": ""MS"", ""quantity_liters"": 8813, ""truck_count"": 1, ""contract_ref"": ""CNTR-29675"", ""storage_location"": ""TankFarm-12""}",27326.38,INR,2025-01-22T02:23:00
417,Group C,BPCL-TXN-1000175,outgoing,Sunita Bansal,sunita.bansal@bpcl.co.in,636921.39,INR,ATF,9045,TRK4815,TID978821,2025-02-24,,TankFarm-12,CNTR-28177,Priority consignment,2025-03-16T18:17:00,"{""company"": ""BPCL"", ""transaction_type"": ""outgoing"", ""fuel_type"": ""ATF"", ""quantity_liters"": 9045, ""truck_count"": 1, ""contract_ref"": ""CNTR-28177"", ""storage_location"": ""TankFarm-12""}",27339.75,INR,2025-03-16T18:17:00
418,Group A,BPCL-TXN-1000176,outgoing,Ketan Singh,ketan.singh@bpcl.co.in,508340.83,INR,ATF,32754,TRK9379,TID392438,2025-01-19,,TankFarm-8,CNTR-21770,Requires escort,2025-02-02T15:31:00,"{""company"": ""BPCL"", ""transaction_type"": ""outgoing"", ""fuel_type"": ""ATF"", ""quantity_liters"": 32754, ""truck_count"": 1, ""contract_ref"": ""CNTR-21770"", ""storage_location"": ""TankFarm-8""}",27353.12,INR,2025-02-02T15:31:00
422,Group B,BPCL-TXN-1000177,outgoing,Shreya Sharma,shreya.sharma@bpcl.co.in,308753.99,INR,ATF,39734,TRK7189,TID746908,2025-03-28,,TankFarm-6,CNTR-24660,Gate pass pending,2025-01-08T00:37:00,"{""company"": ""BPCL"", ""transaction_type"": ""outgoing"", ""fuel_type"": ""ATF"", ""quantity_liters"": 39734, ""truck_count"": 1, ""contract_ref"": ""CNTR-24660"", ""storage_location"": ""TankFarm-6""}",27366.49,INR,2025-01-08T00:37:00
426,Group C,BPCL-TXN-1000178,outgoing,Rahul Nair,rahul.nair@bpcl.co.in,613306.45,INR,LDO,11920,TRK5907,TID480983,2025-02-25,,TankFarm-4,CNTR-28142,Requires escort,2025-03-10T06:18:00,"{""company"": ""BPCL"", ""transaction_type"": ""outgoing"", ""fuel_type"": ""LDO"", ""quantity_liters"": 11920, ""truck_count"": 1, ""contract_ref"": ""CNTR-28142"", ""storage_location"": ""TankFarm-4""}",27379.86,INR,2025-03-10T06:18:00
429,Group C,BPCL-TXN-1000179,outgoing,Kavita Bansal,kavita.bansal@bpcl.co.in,551795.92,INR,MS,35227,TRK4287,TID481969,2025-03-01,,TankFarm-3,CNTR-23938,Customs hold,2025-03-29T09:54:00,"{""company"": ""BPCL"", ""transaction_type"": ""outgoing"", ""fuel_type"": ""MS"", ""quantity_liters"": 35227, ""truck_count"": 1, ""contract_ref"": ""CNTR-23938"", ""storage_location"": ""TankFarm-3""}",27393.23,INR,2025-03-29T09:54:00
431,Group B,BPCL-TXN-1000180,outgoing,Neha Gupta,neha.gupta@bpcl.co.in,681600.33,INR,HSD,11443,TRK5468,TID243057,2025-01-04,,TankFarm-5,CNTR-24551,Documentation pending,2025-01-23T20:54:00,"{""company"": ""BPCL"", ""transaction_type"": ""outgoing"", ""fuel_type"": ""HSD"", ""quantity_liters"": 11443, ""truck_count"": 1, ""contract_ref"": ""CNTR-24551"", ""storage_location"": ""TankFarm-5""}",27406.6,INR,2025-01-23T20:54:00
433,Group A,BPCL-TXN-1000181,outgoing,Vikram Singh,vikram.singh@bpcl.co.in,666309.53,INR,HSD,9013,TRK6134,TID445281,2025-03-16,,TankFarm-12,CNTR-26388,Weather delay,2025-02-24T06:09:00,"{""company"": ""BPCL"", ""transaction_type"": ""outgoing"", ""fuel_type"": ""HSD"", ""quantity_liters"": 9013, ""truck_count"": 1, ""contract_ref"": ""CNTR-26388"", ""storage_location"": ""TankFarm-12""}",27419.97,INR,2025-02-24T06:09:00
435,Group C,BPCL-TXN-1000182,outgoing,Pooja Bansal,pooja.bansal@bpcl.co.in,50236.84,INR,MS,16707,TRK5144,TID679577,2025-02-19,,TankFarm-5,CNTR-25945,Requires escort,2025-03-10T07:54:00,"{""company"": ""BPCL"", ""transaction_type"": ""outgoing"", ""fuel_type"": ""MS"", ""quantity_liters"": 16707, ""truck_count"": 1, ""contract_ref"": ""CNTR-25945"", ""storage_location"": ""TankFarm-5""}",27433.34,INR,2025-03-10T07:54:00
438,Group C,BPCL-TXN-1000183,outgoing,Ramesh Jain,ramesh.jain@bpcl.co.in,170054.61,INR,LDO,21560,TRK2347,TID216211,2025-01-21,,TankFarm-4,CNTR-28460,Customs hold,2025-03-18T21:26:00,"{""company"": ""BPCL"", ""transaction_type"": ""outgoing"", ""fuel_type"": ""LDO"", ""quantity_liters"": 21560, ""truck_count"": 1, ""contract_ref"": ""CNTR-28460"", ""storage_location"": ""TankFarm-4""}",27446.71,INR,2025-03-18T21:26:00
439,Group A,BPCL-TXN-1000184,outgoing,Rahul Singh,rahul.singh@bpcl.co.in,658291.74,INR,HSD,18083,TRK3842,TID820861,2025-03-17,,TankFarm-6,CNTR-24616,Weather delay,2025-01-11T13:23:00,"{""company"": ""BPCL"", ""transaction_type"": ""outgoing"", ""fuel_type"": ""HSD"", ""quantity_liters"": 18083, ""truck_count"": 1, ""contract_ref"": ""CNTR-24616"", ""storage_location"": ""TankFarm-6""}",27460.08,INR,2025-01-11T13:23:00
441,Group C,BPCL-TXN-1000185,outgoing,Meera Singh,meera.singh@bpcl.co.in,624761.65,INR,ATF,8766,TRK4677,TID848225,2025-01-27,,TankFarm-4,CNTR-24361,Priority consignment,2025-03-05T12:08:00,"{""company"": ""BPCL"", ""transaction_type"": ""outgoing"", ""fuel_type"": ""ATF"", ""quantity_liters"": 8766, ""truck_count"": 1, ""contract_ref"": ""CNTR-24361"", ""storage_location"": ""TankFarm-4""}",27473.45,INR,2025-03-05T12:08:00
443,Group B,BPCL-TXN-1000186,outgoing,Anil Gupta,anil.gupta@bpcl.co.in,494245.79,INR,MS,1676,TRK8682,TID239675,2025-02-11,,TankFarm-12,CNTR-26513,Weather delay,2025-02-19T22:27:00,"{""company"": ""BPCL"", ""transaction_type"": ""outgoing"", ""fuel_type"": ""MS"", ""quantity_liters"": 1676, ""truck_count"": 1, ""contract_ref"": ""CNTR-26513"", ""storage_location"": ""TankFarm-12""}",27486.82,INR,2025-02-19T22:27:00
444,Group C,BPCL-TXN-1000187,outgoing,Priya Patel,priya.patel@bpcl.co.in,428824.98,INR,MS,22814,TRK4847,TID593808,2025-02-15,,TankFarm-10,CNTR-29801,Standard operation,2025-01-01T08:32:00,"{""company"": ""BPCL"", ""transaction_type"": ""outgoing"", ""fuel_type"": ""MS"", ""quantity_liters"": 22814, ""truck_count"": 1, ""contract_ref"": ""CNTR-29801"", ""storage_location"": ""TankFarm-10""}",27500.19,INR,2025-01-01T08:32:00
445,Group A,BPCL-TXN-1000188,outgoing,Neha Gupta,neha.gupta@bpcl.co.in,293903.38,INR,Naphtha,3695,TRK3938,TID372935,2025-01-22,,TankFarm-9,CNTR-28074,Gate pass pending,2025-03-01T04:05:00,"{""company"": ""BPCL"", ""transaction_type"": ""outgoing"", ""fuel_type"": ""Naphtha"", ""quantity_liters"": 3695, ""truck_count"": 1, ""contract_ref"": ""CNTR-28074"", ""storage_location"": ""TankFarm-9""}",27513.56,INR,2025-03-01T04:05:00
447,Group C,BPCL-TXN-1000189,outgoing,Sahil Singh,sahil.singh@bpcl.co.in,578664.67,INR,HSD,37416,TRK8208,TID155807,2025-01-25,,TankFarm-3,CNTR-20894,Weather delay,2025-01-24T01:30:00,"{""company"": ""BPCL"", ""transaction_type"": ""outgoing"", ""fuel_type"": ""HSD"", ""quantity_liters"": 37416, ""truck_count"": 1, ""contract_ref"": ""CNTR-20894"", ""storage_location"": ""TankFarm-3""}",27526.93,INR,2025-01-24T01:30:00
450,Group C,BPCL-TXN-1000190,outgoing,Ajay Verma,ajay.verma@bpcl.co.in,136487.21,INR,MS,31161,TRK8861,TID576111,2025-03-22,,TankFarm-5,CNTR-29735,Standard operation,2025-02-12T01:41:00,"{""company"": ""BPCL"", ""transaction_type"": ""outgoing"", ""fuel_type"": ""MS"", ""quantity_liters"": 31161, ""truck_count"": 1, ""contract_ref"": ""CNTR-29735"", ""storage_location"": ""TankFarm-5""}",27540.3,INR,2025-02-12T01:41:00
451,Group A,BPCL-TXN-1000191,outgoing,Ketan Khosla,ketan.khosla@bpcl.co.in,749870.3,INR,Naphtha,9475,TRK4463,TID151047,2025-03-24,,TankFarm-5,CNTR-25294,Standard operation,2025-01-10T17:38:00,"{""company"": ""BPCL"", ""transaction_type"": ""outgoing"", ""fuel_type"": ""Naphtha"", ""quantity_liters"": 9475, ""truck_count"": 1, ""contract_ref"": ""CNTR-25294"", ""storage_location"": ""TankFarm-5""}",27553.67,INR,2025-01-10T17:38:00
453,Group C,BPCL-TXN-1000192,outgoing,Kavita Gupta,kavita.gupta@bpcl.co.in,462547.36,INR,LDO,7298,TRK7020,TID637555,2025-01-26,,TankFarm-8,CNTR-27298,Quality check required,2025-03-02T08:36:00,"{""company"": ""BPCL"", ""transaction_type"": ""outgoing"", ""fuel_type"": ""LDO"", ""quantity_liters"": 7298, ""truck_count"": 1, ""contract_ref"": ""CNTR-27298"", ""storage_location"": ""TankFarm-8""}",27567.04,INR,2025-03-02T08:36:00
454,Group A,BPCL-TXN-1000193,outgoing,Meera Jain,meera.jain@bpcl.co.in,612970.91,INR,Naphtha,13213,TRK8112,TID761322,2025-02-24,,TankFarm-2,CNTR-20662,Documentation pending,2025-02-13T14:43:00,"{""company"": ""BPCL"", ""transaction_type"": ""outgoing"", ""fuel_type"": ""Naphtha"", ""quantity_liters"": 13213, ""truck_count"": 1, ""contract_ref"": ""CNTR-20662"", ""storage_location"": ""TankFarm-2""}",27580.41,INR,2025-02-13T14:43:00
456,Group C,BPCL-TXN-1000194,outgoing,Kavita Sharma,kavita.sharma@bpcl.co.in,397225.53,INR,Naphtha,28847,TRK7766,TID199074,2025-03-01,,TankFarm-11,CNTR-29313,Priority consignment,2025-02-15T08:37:00,"{""company"": ""BPCL"", ""transaction_type"": ""outgoing"", ""fuel_type"": ""Naphtha"", ""quantity_liters"": 28847, ""truck_count"": 1, ""contract_ref"": ""CNTR-29313"", ""storage_location"": ""TankFarm-11""}",27593.78,INR,2025-02-15T08:37:00
458,Group B,BPCL-TXN-1000195,outgoing,Kavita Mehta,kavita.mehta@bpcl.co.in,178024.57,INR,MS,17994,TRK2742,TID554871,2025-03-10,,TankFarm-1,CNTR-20095,Quality check required,2025-01-15T00:10:00,"{""company"": ""BPCL"", ""transaction_type"": ""outgoing"", ""fuel_type"": ""MS"", ""quantity_liters"": 17994, ""truck_count"": 1, ""contract_ref"": ""CNTR-20095"", ""storage_location"": ""TankFarm-1""}",27607.15,INR,2025-01-15T00:10:00
459,Group C,BPCL-TXN-1000196,outgoing,Sahil Jain,sahil.jain@bpcl.co.in,654865.88,INR,Naphtha,32897,TRK5961,TID748543,2025-03-20,,TankFarm-6,CNTR-26471,Priority consignment,2025-01-12T04:08:00,"{""company"": ""BPCL"", ""transaction_type"": ""outgoing"", ""fuel_type"": ""Naphtha"", ""quantity_liters"": 32897, ""truck_count"": 1, ""contract_ref"": ""CNTR-26471"", ""storage_location"": ""TankFarm-6""}",27620.52,INR,2025-01-12T04:08:00
462,Group C,BPCL-TXN-1000197,outgoing,Ajay Singh,ajay.singh@bpcl.co.in,559381.78,INR,Naphtha,37326,TRK5764,TID138815,2025-03-04,,TankFarm-7,CNTR-27964,Documentation pending,2025-03-17T23:39:00,"{""company"": ""BPCL"", ""transaction_type"": ""outgoing"", ""fuel_type"": ""Naphtha"", ""quantity_liters"": 37326, ""truck_count"": 1, ""contract_ref"": ""CNTR-27964"", ""storage_location"": ""TankFarm-7""}",27633.89,INR,2025-03-17T23:39:00
463,Group A,BPCL-TXN-1000198,outgoing,Sunita Khosla,sunita.khosla@bpcl.co.in,69010.89,INR,MS,28656,TRK6174,TID680130,2025-01-09,,TankFarm-5,CNTR-26834,Temperature sensitive,2025-01-15T15:39:00,"{""company"": ""BPCL"", ""transaction_type"": ""outgoing"", ""fuel_type"": ""MS"", ""quantity_liters"": 28656, ""truck_count"": 1, ""contract_ref"": ""CNTR-26834"", ""storage_location"": ""TankFarm-5""}",27647.26,INR,2025-01-15T15:39:00
464,Group B,BPCL-TXN-1000199,outgoing,Rahul Khosla,rahul.khosla@bpcl.co.in,341266.75,INR,HSD,19875,TRK4149,TID592034,2025-02-14,,TankFarm-8,CNTR-23802,Documentation pending,2025-01-29T18:58:00,"{""company"": ""BPCL"", ""transaction_type"": ""outgoing"", ""fuel_type"": ""HSD"", ""quantity_liters"": 19875, ""truck_count"": 1, ""contract_ref"": ""CNTR-23802"", ""storage_location"": ""TankFarm-8""}",27660.63,INR,2025-01-29T18:58:00
465,Group C,BPCL-TXN-1000200,outgoing,Amit Rao,amit.rao@bpcl.co.in,549171.38,INR,ATF,28319,TRK6902,TID934637,2025-03-02,,TankFarm-3,CNTR-23394,Priority consignment,2025-03-30T23:05:00,"{""company"": ""BPCL"", ""transaction_type"": ""outgoing"", ""fuel_type"": ""ATF"", ""quantity_liters"": 28319, ""truck_count"": 1, ""contract_ref"": ""CNTR-23394"", ""storage_location"": ""TankFarm-3""}",27674.0,INR,2025-03-30T23:05:00
466,Group A,BPCL-TXN-1000201,outgoing,Amit Desai,amit.desai@bpcl.co.in,138327.72,INR,ATF,7612,TRK7815,TID617708,2025-02-08,,TankFarm-4,CNTR-23431,Documentation pending,2025-01-07T00:22:00,"{""company"": ""BPCL"", ""transaction_type"": ""outgoing"", ""fuel_type"": ""ATF"", ""quantity_liters"": 7612, ""truck_count"": 1, ""contract_ref"": ""CNTR-23431"", ""storage_location"": ""TankFarm-4""}",27687.37,INR,2025-01-07T00:22:00
467,Group B,BPCL-TXN-1000202,outgoing,Pooja Mehta,pooja.mehta@bpcl.co.in,151668.23,INR,Naphtha,3095,TRK2043,TID454140,2025-02-25,,TankFarm-2,CNTR-23714,Requires escort,2025-03-13T07:31:00,"{""company"": ""BPCL"", ""transaction_type"": ""outgoing"", ""fuel_type"": ""Naphtha"", ""quantity_liters"": 3095, ""truck_count"": 1, ""contract_ref"": ""CNTR-23714"", ""storage_location"": ""TankFarm-2""}",27700.74,INR,2025-03-13T07:31:00
469,Group A,BPCL-TXN-1000203,outgoing,Ajay Nair,ajay.nair@bpcl.co.in,55427.84,INR,MS,11947,TRK2934,TID315363,2025-02-16,,TankFarm-3,CNTR-24786,Temperature sensitive,2025-03-06T15:46:00,"{""company"": ""BPCL"", ""transaction_type"": ""outgoing"", ""fuel_type"": ""MS"", ""quantity_liters"": 11947, ""truck_count"": 1, ""contract_ref"": ""CNTR-24786"", ""storage_location"": ""TankFarm-3""}",27714.11,INR,2025-03-06T15:46:00
470,Group B,BPCL-TXN-1000204,outgoing,Pooja Verma,pooja.verma@bpcl.co.in,267590.46,INR,HSD,9059,TRK4307,TID560438,2025-02-23,,TankFarm-1,CNTR-24019,Temperature sensitive,2025-02-13T09:32:00,"{""company"": ""BPCL"", ""transaction_type"": ""outgoing"", ""fuel_type"": ""HSD"", ""quantity_liters"": 9059, ""truck_count"": 1, ""contract_ref"": ""CNTR-24019"", ""storage_location"": ""TankFarm-1""}",27727.48,INR,2025-02-13T09:32:00
473,Group B,BPCL-TXN-1000205,outgoing,Sahil Khosla,sahil.khosla@bpcl.co.in,252429.05,INR,LDO,1517,TRK5583,TID653429,2025-03-20,,TankFarm-3,CNTR-26618,Temperature sensitive,2025-03-24T06:56:00,"{""company"": ""BPCL"", ""transaction_type"": ""outgoing"", ""fuel_type"": ""LDO"", ""quantity_liters"": 1517, ""truck_count"": 1, ""contract_ref"": ""CNTR-26618"", ""storage_location"": ""TankFarm-3""}",27740.85,INR,2025-03-24T06:56:00
475,Group A,BPCL-TXN-1000206,outgoing,Ketan Gupta,ketan.gupta@bpcl.co.in,141019.82,INR,MS,36385,TRK5238,TID353063,2025-02-08,,TankFarm-12,CNTR-26926,Documentation pending,2025-01-15T23:03:00,"{""company"": ""BPCL"", ""transaction_type"": ""outgoing"", ""fuel_type"": ""MS"", ""quantity_liters"": 36385, ""truck_count"": 1, ""contract_ref"": ""CNTR-26926"", ""storage_location"": ""TankFarm-12""}",27754.22,INR,2025-01-15T23:03:00
476,Group B,BPCL-TXN-1000207,outgoing,Pooja Nair,pooja.nair@bpcl.co.in,281993.18,INR,MS,9175,TRK8352,TID412434,2025-03-15,,TankFarm-12,CNTR-20085,Temperature sensitive,2025-02-13T07:51:00,"{""company"": ""BPCL"", ""transaction_type"": ""outgoing"", ""fuel_type"": ""MS"", ""quantity_liters"": 9175, ""truck_count"": 1, ""contract_ref"": ""CNTR-20085"", ""storage_location"": ""TankFarm-12""}",27767.59,INR,2025-02-13T07:51:00
477,Group C,BPCL-TXN-1000208,outgoing,Ajay Bansal,ajay.bansal@bpcl.co.in,194532.48,INR,LDO,19647,TRK3293,TID849051,2025-02-18,,TankFarm-9,CNTR-24057,Requires escort,2025-02-11T16:37:00,"{""company"": ""BPCL"", ""transaction_type"": ""outgoing"", ""fuel_type"": ""LDO"", ""quantity_liters"": 19647, ""truck_count"": 1, ""contract_ref"": ""CNTR-24057"", ""storage_location"": ""TankFarm-9""}",27780.96,INR,2025-02-11T16:37:00
479,Group B,BPCL-TXN-1000209,outgoing,Anil Nair,anil.nair@bpcl.co.in,401235.12,INR,ATF,18281,TRK9172,TID767377,2025-02-24,,TankFarm-8,CNTR-28020,Quality check required,2025-01-21T04:32:00,"{""company"": ""BPCL"", ""transaction_type"": ""outgoing"", ""fuel_type"": ""ATF"", ""quantity_liters"": 18281, ""truck_count"": 1, ""contract_ref"": ""CNTR-28020"", ""storage_location"": ""TankFarm-8""}",27794.33,INR,2025-01-21T04:32:00
482,Group B,BPCL-TXN-1000210,outgoing,Kavita Verma,kavita.verma@bpcl.co.in,591478.28,INR,ATF,9703,TRK3269,TID629283,2025-03-23,,TankFarm-8,CNTR-27371,Temperature sensitive,2025-01-20T23:20:00,"{""company"": ""BPCL"", ""transaction_type"": ""outgoing"", ""fuel_type"": ""ATF"", ""quantity_liters"": 9703, ""truck_count"": 1, ""contract_ref"": ""CNTR-27371"", ""storage_location"": ""TankFarm-8""}",27807.7,INR,2025-01-20T23:20:00
484,Group A,BPCL-TXN-1000211,outgoing,Shreya Gupta,shreya.gupta@bpcl.co.in,114741.67,INR,Naphtha,6580,TRK4152,TID748758,2025-03-11,,TankFarm-10,CNTR-20866,Documentation pending,2025-01-25T15:32:00,"{""company"": ""BPCL"", ""transaction_type"": ""outgoing"", ""fuel_type"": ""Naphtha"", ""quantity_liters"": 6580, ""truck_count"": 1, ""contract_ref"": ""CNTR-20866"", ""storage_location"": ""TankFarm-10""}",27821.07,INR,2025-01-25T15:32:00
485,Group B,BPCL-TXN-1000212,outgoing,Pooja Nair,pooja.nair@bpcl.co.in,155313.97,INR,MS,19019,TRK4371,TID357201,2025-04-01,,TankFarm-10,CNTR-27278,Requires escort,2025-03-10T19:20:00,"{""company"": ""BPCL"", ""transaction_type"": ""outgoing"", ""fuel_type"": ""MS"", ""quantity_liters"": 19019, ""truck_count"": 1, ""contract_ref"": ""CNTR-27278"", ""storage_location"": ""TankFarm-10""}",27834.44,INR,2025-03-10T19:20:00
488,Group B,BPCL-TXN-1000213,outgoing,Neha Patel,neha.patel@bpcl.co.in,62611.64,INR,HSD,39406,TRK4874,TID616926,2025-03-07,,TankFarm-9,CNTR-26308,Requires escort,2025-02-04T01:20:00,"{""company"": ""BPCL"", ""transaction_type"": ""outgoing"", ""fuel_type"": ""HSD"", ""quantity_liters"": 39406, ""truck_count"": 1, ""contract_ref"": ""CNTR-26308"", ""storage_location"": ""TankFarm-9""}",27847.81,INR,2025-02-04T01:20:00
490,Group A,BPCL-TXN-1000214,outgoing,Shreya Jain,shreya.jain@bpcl.co.in,721980.28,INR,Naphtha,30605,TRK1684,TID101049,2025-03-01,,TankFarm-10,CNTR-24739,Customs hold,2025-01-01T01:59:00,"{""company"": ""BPCL"", ""transaction_type"": ""outgoing"", ""fuel_type"": ""Naphtha"", ""quantity_liters"": 30605, ""truck_count"": 1, ""contract_ref"": ""CNTR-24739"", ""storage_location"": ""TankFarm-10""}",27861.18,INR,2025-01-01T01:59:00
491,Group B,BPCL-TXN-1000215,outgoing,Anil Rao,anil.rao@bpcl.co.in,633628.6,INR,ATF,24030,TRK4485,TID713583,2025-03-07,,TankFarm-5,CNTR-20745,Customs hold,2025-03-10T18:04:00,"{""company"": ""BPCL"", ""transaction_type"": ""outgoing"", ""fuel_type"": ""ATF"", ""quantity_liters"": 24030, ""truck_count"": 1, ""contract_ref"": ""CNTR-20745"", ""storage_location"": ""TankFarm-5""}",27874.55,INR,2025-03-10T18:04:00
493,Group A,BPCL-TXN-1000216,outgoing,Ramesh Khosla,ramesh.khosla@bpcl.co.in,121951.17,INR,MS,32229,TRK1070,TID110043,2025-03-28,,TankFarm-3,CNTR-26769,Documentation pending,2025-03-31T22:31:00,"{""company"": ""BPCL"", ""transaction_type"": ""outgoing"", ""fuel_type"": ""MS"", ""quantity_liters"": 32229, ""truck_count"": 1, ""contract_ref"": ""CNTR-26769"", ""storage_location"": ""TankFarm-3""}",27887.92,INR,2025-03-31T22:31:00
494,Group B,BPCL-TXN-1000217,outgoing,Meera Gupta,meera.gupta@bpcl.co.in,497168.19,INR,Naphtha,3028,TRK8293,TID804900,2025-01-16,,TankFarm-6,CNTR-26166,Gate pass pending,2025-02-19T05:53:00,"{""company"": ""BPCL"", ""transaction_type"": ""outgoing"", ""fuel_type"": ""Naphtha"", ""quantity_liters"": 3028, ""truck_count"": 1, ""contract_ref"": ""CNTR-26166"", ""storage_location"": ""TankFarm-6""}",27901.29,INR,2025-02-19T05:53:00
495,Group C,BPCL-TXN-1000218,outgoing,Priya Singh,priya.singh@bpcl.co.in,293598.46,INR,HSD,30135,TRK1153,TID332281,2025-01-03,,TankFarm-5,CNTR-25862,Weather delay,2025-01-12T19:40:00,"{""company"": ""BPCL"", ""transaction_type"": ""outgoing"", ""fuel_type"": ""HSD"", ""quantity_liters"": 30135, ""truck_count"": 1, ""contract_ref"": ""CNTR-25862"", ""storage_location"": ""TankFarm-5""}",27914.66,INR,2025-01-12T19:40:00
497,Group B,BPCL-TXN-1000219,outgoing,Priya Bansal,priya.bansal@bpcl.co.in,117978.64,INR,MS,9351,TRK5253,TID697586,2025-01-30,,TankFarm-9,CNTR-24494,Weather delay,2025-03-28T00:44:00,"{""company"": ""BPCL"", ""transaction_type"": ""outgoing"", ""fuel_type"": ""MS"", ""quantity_liters"": 9351, ""truck_count"": 1, ""contract_ref"": ""CNTR-24494"", ""storage_location"": ""TankFarm-9""}",27928.03,INR,2025-03-28T00:44:00
498,Group C,BPCL-TXN-1000220,outgoing,Pooja Nair,pooja.nair@bpcl.co.in,665248.9,INR,MS,28991,TRK1849,TID995336,2025-02-11,,TankFarm-7,CNTR-26666,Priority consignment,2025-01-16T21:33:00,"{""company"": ""BPCL"", ""transaction_type"": ""outgoing"", ""fuel_type"": ""MS"", ""quantity_liters"": 28991, ""truck_count"": 1, ""contract_ref"": ""CNTR-26666"", ""storage_location"": ""TankFarm-7""}",27941.4,INR,2025-01-16T21:33:00
500,Group B,BPCL-TXN-1000221,outgoing,Sunita Mehta,sunita.mehta@bpcl.co.in,263687.86,INR,MS,7339,TRK1456,TID603281,2025-02-25,,TankFarm-1,CNTR-29708,Gate pass pending,2025-02-02T07:06:00,"{""company"": ""BPCL"", ""transaction_type"": ""outgoing"", ""fuel_type"": ""MS"", ""quantity_liters"": 7339, ""truck_count"": 1, ""contract_ref"": ""CNTR-29708"", ""storage_location"": ""TankFarm-1""}",27954.77,INR,2025-02-02T07:06:00
